record_id,page_url,page_title,kogl_marker,image_url,image_file,alt_text,context_text,in_link,link_dest,heading_path,label
r039c94d89a,https://www.nl.go.kr/EN/main/index.do,National Library of Korea,False,https://www.nl.go.kr/afile/previewThumbnail/26073017521Sa2Sr,039c94d89a6db2c3,20260729_013.jpg,2026.7.29. Meet the Humanities: Monthly Lecture with Professor Kim Hyung-seok 2026-07-30,True,2026.7.29. Meet the Humanities: Monthly Lecture with Professor Kim Hyung-seok 2026-07-30,National Library of Korea > Contents > National Library of Korea’s News & Videos,파일명형
r2827568a6e,https://www.nl.go.kr/EN/main/index.do,National Library of Korea,False,https://www.nl.go.kr/afile/previewThumbnail/26073001084FCWXJ,2827568a6e1e218c,20260727_041.jpg,"2026.7.27. Opening Ceremony and Guided Tour of the From One Book to the World, K-Content Exhibition 2026-07-30",True,"2026.7.27. Opening Ceremony and Guided Tour of the From One Book to the World, K-Content Exhibition 2026-07-30",National Library of Korea > Contents > National Library of Korea’s News & Videos,파일명형
r9e62f13605,https://www.nl.go.kr/EN/main/index.do,National Library of Korea,False,https://www.nl.go.kr/afile/previewThumbnail/26072431362nyWL8,9e62f13605a205ee,20260722_007.jpg,2026.7.22. Seminar on the Preservation and Utilization of Discontinued Games 2026-07-24,True,2026.7.22. Seminar on the Preservation and Utilization of Discontinued Games 2026-07-24,National Library of Korea > Contents > National Library of Korea’s News & Videos,파일명형
rad293e5096,https://www.nl.go.kr/EN/main/index.do,National Library of Korea,False,https://www.nl.go.kr/afile/previewThumbnail/26071431896c68vm,ad293e50961b6353,20260713_009.jpg,2026.7.13. Opening Ceremony for the Reviving Discontinued Korean Games Exhibition 2026-07-14,True,2026.7.13. Opening Ceremony for the Reviving Discontinued Korean Games Exhibition 2026-07-14,National Library of Korea > Contents > National Library of Korea’s News & Videos,파일명형
rb3bf1cc132,https://www.nl.go.kr/EN/main/index.do,National Library of Korea,False,https://www.nl.go.kr/afile/previewThumbnail/260806421837of7U,b3bf1cc132e1ed38,20260804_013.jpg,2026.8.4. DCMI 2026 International Conference 2026-08-06,True,2026.8.4. DCMI 2026 International Conference 2026-08-06,National Library of Korea > Contents > National Library of Korea’s News & Videos,파일명형
r4b095a173e,https://www.dong.daegu.kr/,대구광역시 동구청 홈페이지에 오신 것을 환영합니다.,True,https://www.dong.daegu.kr/portal/img/common/wea_icon05.png,4b095a173e40016e.png,비,동구미래 제대로 다르게 무엇 을 도와드릴까요? 현재 -℃ 미세먼지 - ㎍/m³ 검색창 열기 검색조건을 선택하세요. 통합검색 메뉴검색 직원검색 웹페이지 검색어 입력 검색창 닫기 전체메뉴,False,,동구미래 제대로 다르게,무관형
r8d8063ca32,https://www.djjunggu.go.kr/kr/sub01_02_05_01.do,"정보목록  >행정정보목록 >행정정보공개 >정보공개  >
    대전광역시 중구청",True,https://www.djjunggu.go.kr/images/kr/main/kr_logo.png,8d8063ca320e4b28.png,중구,"정보목록 - 제목, 담당부서, 생성일 정보제공 제목 담당부서 생성일 중구 목록을 불러오는중입니다.",False,,정보목록,불충분형
r1138e6cad5,https://www.dong.daegu.kr/nabipark/main.do,봉무나비생태원 홈페이지에 오신 것을 환영합니다.,False,https://www.dong.daegu.kr/nabipark/img/common/wea_icon01.png,1138e6cad536ac89.png,맑음,전체메뉴 메뉴 구성 공원소개 공원소개 봉무공원소개 봉무나비생태원소개 시설안내 전체시설지도 나비누리관 나비학습관 곤충생태관 찾아오시는길 이용안내 이용안내 이용안내 단체관람안내 단체관람 안내 예약신청 나의 예약 확인 체험학습프로그램 안내 체험학습프로그램 안내 예약신청 나의 예약 확인 전시해설프로그램 안내 전시해설프로그램 안내 예약신청 나의 예약 확인 비정규프로그램 안내 예약신청 나의 예약 확인 정보코너 정보코너 나비란 나비의 생태 나비의 몸구조 나비의 한 살이 나비의 수명과 발생횟수 나비의 암수구별 나비의 겨울나기 나비의 천적 나비의 몸 보호법 나비의 종류 우리나라의 나비 호랑나비과 흰나비과 부전나비과 네발나비과 팔랑나비과 미접나비 곤충이란 곤충백과 곤충이란 곤충의 형태 곤충분류체계 곤충 기르기 배추흰나비 기르기 장수풍뎅이 기르기 귀뚜라미 기르기 수서곤충 기르기 알림마당 알림마당 공지사항 이달의 체험학습 이용후기 이용안내 이용안내 사이트맵 개인정보처리방침 이메일무단수집거부 미세먼지,False,,이용안내,적절
r11cc05715b,https://www.andong.go.kr/portal/contents.do?mId=0100000000,"민원실 이용안내

		
		
		
			
				| 민원실 안내
				
			
		
			
				| 민원안내
				
			
		
			
		
			
		
			
		
		| 안동시 홈페이지",False,https://www.andong.go.kr/andong/img/ko/sub01/003.png,11cc05715bac383f.png,3,일반민원접수 054-840-6855 팩스민원접수 054-840-6839,False,,민원안내 > 민원실 이용안내,적절
r1515dfefb8,https://www.andong.go.kr/portal/saeol/gosi/list.do?mId=0401020100,"전체 목록

		
		
		
			
				| 고시/공고
				
			
		
			
				| 안동 소식
				
			
		
			
				| 시정 소식
				
			
		
			
		
			
		
		| 안동시 홈페이지",False,https://www.andong.go.kr/common/img/board/ico_new.gif,1515dfefb89fa6d5.gif,새글,2026년 안동시 마을순찰 기동대 모집 재공고,True,2026년 안동시 마을순찰 기동대 모집 재공고,시정 소식 > 전체,적절
r168851f220,https://www.andong.go.kr/portal/contents.do?mId=0100000000,"민원실 이용안내

		
		
		
			
				| 민원실 안내
				
			
		
			
				| 민원안내
				
			
		
			
		
			
		
			
		
		| 안동시 홈페이지",False,https://www.andong.go.kr/andong/img/ko/sub01/005.png,168851f2204f3625.png,5,"가족관계등록신고 054-840-6840 통합제증명발급 054-840-6853, 6838, 6842",False,,민원안내 > 민원실 이용안내,적절
r21343e752f,https://www.andong.go.kr/portal/contents.do?mId=0100000000,"민원실 이용안내

		
		
		
			
				| 민원실 안내
				
			
		
			
				| 민원안내
				
			
		
			
		
			
		
			
		
		| 안동시 홈페이지",False,https://www.andong.go.kr/andong/img/ko/sub01/001.png,21343e752f18241d.png,1,여권교부 054-840-6881 여권접수 054-840-6883,False,,민원안내 > 민원실 이용안내,적절
r3482f034c0,https://www.andong.go.kr/portal/contents.do?mId=0100000000,"민원실 이용안내

		
		
		
			
				| 민원실 안내
				
			
		
			
				| 민원안내
				
			
		
			
		
			
		
			
		
		| 안동시 홈페이지",False,https://www.andong.go.kr/andong/img/ko/sub01/009.png,3482f034c071256d.png,9,"건설기계등록 054-840-6849, 6848 지적측량접수 054-840-6862",False,,민원안내 > 민원실 이용안내,적절
r3b117c7e08,http://www.andong.go.kr/edu/,안동시 평생학습관,False,http://www.andong.go.kr/portal/img/design_2021/weather/ico_weather02.png,3b117c7e08f4d107.png,맑음,10.7 ℃ 미세먼지 37 ㎍/㎥ 보통,False,,,적절
r459841175d,https://www.andong.go.kr/portal/contents.do?mId=0100000000,"민원실 이용안내

		
		
		
			
				| 민원실 안내
				
			
		
			
				| 민원안내
				
			
		
			
		
			
		
			
		
		| 안동시 홈페이지",False,https://www.andong.go.kr/andong/img/ko/sub01/010.png,459841175d5150bd.png,10,"건설기계등록 054-840-6849, 6848 지적측량접수 054-840-6862",False,,민원안내 > 민원실 이용안내,적절
r489dd19bfa,https://www.andong.go.kr/portal/contents.do?mId=0100000000,"민원실 이용안내

		
		
		
			
				| 민원실 안내
				
			
		
			
				| 민원안내
				
			
		
			
		
			
		
			
		
		| 안동시 홈페이지",False,https://www.andong.go.kr/andong/img/ko/sub01/008.png,489dd19bfaaa6674.png,8,취업정보 054-840-6843 부동산실거래신고 054-840-5078,False,,민원안내 > 민원실 이용안내,적절
r5e5e22074d,https://www.andong.go.kr/portal/contents.do?mId=0100000000,"민원실 이용안내

		
		
		
			
				| 민원실 안내
				
			
		
			
				| 민원안내
				
			
		
			
		
			
		
			
		
		| 안동시 홈페이지",False,https://www.andong.go.kr/andong/img/ko/sub01/007.png,5e5e22074d3c1cd8.png,7,취업정보 054-840-6843 부동산실거래신고 054-840-5078,False,,민원안내 > 민원실 이용안내,적절
r662abcaa3c,https://www.kisti.re.kr/homekor,한국과학기술정보연구원,False,https://www.kisti.re.kr/resources/images/new_main/kisti_history_tit.png,662abcaa3c63af85.png,60,과학기술정보 서비스 60년사 1962년 부터 시작되는 KISTI의 역사,True,과학기술정보 서비스 60년사 1962년 부터 시작되는 KISTI의 역사,AI와 HPC 기반으로 혁신을 선도하다. > 내부 팝업존,적절
r6a8578d48c,https://www.andong.go.kr/main.do,안동시청,False,https://www.andong.go.kr/portal/img/common/ico_weather01.png,6a8578d48c773a6e.png,맑음,10.7 ℃ 미세먼지 37 ㎍/㎥ 보통,False,,,무관형
r6dbe31cd8a,https://www.kisti.re.kr/notifications/post/notice?t=1638863190641,공지사항  | 알림마당  | 한국과학기술정보연구원,False,https://www.kisti.re.kr/resources/images/board/search_btn.png,6dbe31cd8a10625e.png,검색,전체 전체 제목 내용 검색어를 입력하세요,False,,공지사항 > 주메뉴 > Delete Article!,적절
r7b2c510a55,http://www.andong.go.kr/main.do,안동시청,False,http://www.andong.go.kr/portal/img/common/ico_weather01.png,7b2c510a55cd3d79.png,맑음,10.7 ℃ 미세먼지 37 ㎍/㎥ 보통,False,,,무관형
r904d55c497,https://www.andong.go.kr/portal/contents.do?mId=0100000000,"민원실 이용안내

		
		
		
			
				| 민원실 안내
				
			
		
			
				| 민원안내
				
			
		
			
		
			
		
			
		
		| 안동시 홈페이지",False,https://www.andong.go.kr/andong/img/ko/sub01/004.png,904d55c497e88b06.png,4,일반민원접수 054-840-6855 팩스민원접수 054-840-6839,False,,민원안내 > 민원실 이용안내,적절
rbce5d17ea5,https://www.andong.go.kr/reservation,통합예약,False,https://www.andong.go.kr/portal/img/design_2021/weather/ico_weather02.png,bce5d17ea599291a.png,맑음,10.7 ℃ 미세먼지 37 ㎍/㎥ 보통,False,,,적절
re5f492c841,https://www.andong.go.kr/portal/contents.do?mId=0100000000,"민원실 이용안내

		
		
		
			
				| 민원실 안내
				
			
		
			
				| 민원안내
				
			
		
			
		
			
		
			
		
		| 안동시 홈페이지",False,https://www.andong.go.kr/andong/img/ko/sub01/002.png,e5f492c841f2afca.png,2,여권교부 054-840-6881 여권접수 054-840-6883,False,,민원안내 > 민원실 이용안내,적절
rf3931d2425,https://www.andong.go.kr/portal/contents.do?mId=0100000000,"민원실 이용안내

		
		
		
			
				| 민원실 안내
				
			
		
			
				| 민원안내
				
			
		
			
		
			
		
			
		
		| 안동시 홈페이지",False,https://www.andong.go.kr/andong/img/ko/sub01/006.png,f3931d2425fca16f.png,6,"가족관계등록신고 054-840-6840 통합제증명발급 054-840-6853, 6838, 6842",False,,민원안내 > 민원실 이용안내,적절
r00737652af,https://www.dong.daegu.kr/,대구광역시 동구청 홈페이지에 오신 것을 환영합니다.,True,https://www.dong.daegu.kr/common/file/img/view.do?atchFileId=E4B35EC6ABF85008A44E4BEE00CA5EEEE55FA3A2CF375ECFAF573BC61BB54BDE&fileSn=78F6C76797E0512124C392213D7DC6FF&width=&height=,00737652af24f19b.do,대구 동구 안심3동 행정복지센터 신청사 개청,"2026.08.12 대구 동구 안심3동 행정복지센터 신청사 개청 대구 동구 안심3동 행정복지센터 신청사 개청 대구 동구 안심3동 행정복지센터가 새롭게 문을 열었다.

대구 동구청(구청장 우성진)은 지난 12일, 안심3동 행정복지센터 신청사 개청식을 개최하고, 본격 운영에 들어갔다. 

신축된 안심3동 행정복지센터는 주민 접근성을 높이...",True,"2026.08.12 대구 동구 안심3동 행정복지센터 신청사 개청 대구 동구 안심3동 행정복지센터 신청사 개청 대구 동구 안심3동 행정복지센터가 새롭게 문을 열었다.

대구 동구청(구청장 우성진)은 지난 12일, ",동구미래 제대로 다르게 > 동구 STORY 동구의 이야기를 들어보세요.,불충분형
r072682334e,https://www.dong.daegu.kr/,대구광역시 동구청 홈페이지에 오신 것을 환영합니다.,True,https://www.dong.daegu.kr/portal/img/main/sns_Youtube.png,072682334e93ed28.png,"밤이 되면 열리는 빛의 숲, 동촌유원지 트리워크 #시네마틱동구","밤이 되면 열리는 빛의 숲, 동촌유원지 트리워크 #시네마틱동구",True,"밤이 되면 열리는 빛의 숲, 동촌유원지 트리워크 #시네마틱동구",동구미래 제대로 다르게 > 동구 소통 S NS,중복형
r0be9f0f533,https://www.korea.kr/news/policyNewsView.do?newsId=148970522&pWise=main&pWiseMain=A9,개학 맞아 전국 초등교 주변 5대 분야 위해요소 집중 점검 - 정책뉴스 | 뉴스 | 대한민국 정책브리핑,True,https://www.korea.kr/newsWeb/resources/attaches/2026.08/24/image02(10).jpg,0be9f0f533833af2.jpg,개학기 위해요소 안전점검·단속 안내 홍보물1(교육부 제공),개학기 위해요소 안전점검·단속 안내 홍보물1(교육부 제공),False,,"개학 맞아 전국 초등교 주변 5대 분야 위해요소 집중 점검 > 교통안전, 식품안전, 유해환경, 제품안전, 불법광고물 등 보호자·어린이 안전수칙-실종예방 사전등록제도 홍보도",불충분형
r0f9b358da3,https://www.korea.kr/news/policyNewsView.do?newsId=148970522&pWise=main&pWiseMain=A9,개학 맞아 전국 초등교 주변 5대 분야 위해요소 집중 점검 - 정책뉴스 | 뉴스 | 대한민국 정책브리핑,True,https://www.korea.kr/newsWeb/resources/attaches/2026.08/24/s7(4).jpg,0f9b358da32462b1.jpg,"서울의 한 초등학교에 등교하는 어린이 앞으로 교육환경보호구역 안내 표지판이 설치돼 있다. 2025.2.24. (ⓒ뉴스1, 무단 전재-재배포 금지)","서울의 한 초등학교에 등교하는 어린이 앞으로 교육환경보호구역 안내 표지판이 설치돼 있다. 2025.2.24. (ⓒ뉴스1, 무단 전재-재배포 금지)",False,,"개학 맞아 전국 초등교 주변 5대 분야 위해요소 집중 점검 > 교통안전, 식품안전, 유해환경, 제품안전, 불법광고물 등 보호자·어린이 안전수칙-실종예방 사전등록제도 홍보도",적절
r1f3e001ba5,https://www.dong.daegu.kr/portal/contents.do?mid=0201040900,"팔공메아리 팔공메아리 게시글 목록

	
	
		
			| 팔공메아리
			
		
	
		
			| 구정소식
			
		
	
		
			| 소통참여
			
		
	
		
	
		
	
	| 대구광역시 동구청 홈페이지",True,https://www.dong.daegu.kr/common/file/img/view.do?atchFileId=E4B35EC6ABF85008A44E4BEE00CA5EEE43E6C208FF7497F9B8F97E941484694C&fileSn=78F6C76797E0512124C392213D7DC6FF&width=&height=,1f3e001ba53a64a6.do,2026년 8월 팔공메아리,2026년 8월 팔공메아리 팔공메아리 8월호.pdf [47.91MB] 바로 보기,False,,동구미래 제대로 다르게 > 팔공메아리,불충분형
r1fa9b9a3cc,https://www.dong.daegu.kr/,대구광역시 동구청 홈페이지에 오신 것을 환영합니다.,True,https://www.dong.daegu.kr/portal/img/main/sns_Youtube.png,1fa9b9a3cc6334b9.png,금호강변에서 펼쳐진 역대급 물놀이! 2026 두두썸동 현장 속으로! l 찾아라 동구핫플 EP.17,금호강변에서 펼쳐진 역대급 물놀이! 2026 두두썸동 현장 속으로! l 찾아라 동구핫플 EP.17,True,금호강변에서 펼쳐진 역대급 물놀이! 2026 두두썸동 현장 속으로! l 찾아라 동구핫플 EP.17,동구미래 제대로 다르게 > 동구 소통 S NS,중복형
r20fd7ff125,https://www.korea.kr/news/policyNewsView.do?newsId=148970530&pWise=main&pWiseMain=A6,상조회사 선수금 운용 관리 강화…소비자 납입금 보호한다 - 정책뉴스 | 뉴스 | 대한민국 정책브리핑,True,https://www.korea.kr/newsWeb/resources/attaches/2026.08/24/20260824005(1).jpg,20fd7ff12560fd92.jpg,"세종시 정부세종청사 공정거래위원회 전경 2024.11.12 (ⓒ뉴스1, 무단 전재-재배포 금지)","세종시 정부세종청사 공정거래위원회 전경 2024.11.12 (ⓒ뉴스1, 무단 전재-재배포 금지)",False,,상조회사 선수금 운용 관리 강화…소비자 납입금 보호한다 > '선불식 할부거래 소비자보호 지침' 개정안 내달 14일까지 행정예고 선수금 1000억 이상 업체 운용심의위 ,적절
r21f0660741,https://www.daegu.go.kr/,대구광역시,True,https://info.daegu.go.kr/enewspaper/upimages/1787553304m5c2w.JPG,21f0660741e35439.jpg,"대구소방, 배터리 화재 분석… 충전·보관 시 각별한 주의","대구소방, 배터리 화재 분석… 충전·보관 시 각별한 주의 2026.08.24",True,"대구소방, 배터리 화재 분석… 충전·보관 시 각별한 주의 2026.08.24",주요뉴스 > 분야별토픽,불충분형
r2704361fd8,https://www.korea.kr/news/policyNewsView.do?newsId=148970529&pWise=main&pWiseMain=A4,"정부, 'AI 윤리원칙' 제정…인간 존엄성 등 3대 가치·7대 원칙 담아 - 정책뉴스 | 뉴스 | 대한민국 정책브리핑",True,https://www.korea.kr/newsWeb/resources/attaches/2026.08/24/sdfafds.jpg,2704361fd844b918.jpg,"19일 서울 강남구 코엑스에서 열린 '2026 AI 서밋 서울 & 엑스포'에서 관람객들이 전시된 AI 로봇을 보고 있다. 2026.8.19 (ⓒ뉴스1, 무단 전재-재배포 금지)","19일 서울 강남구 코엑스에서 열린 '2026 AI 서밋 서울 & 엑스포'에서 관람객들이 전시된 AI 로봇을 보고 있다. 2026.8.19 (ⓒ뉴스1, 무단 전재-재배포 금지)",False,,"정부, 'AI 윤리원칙' 제정…인간 존엄성 등 3대 가치·7대 원칙 담아 > AI 시대 인간과 사회, 인류 차원에서 추구해야 할 근본적 지향점 제시 공급자·이용자·정부·사회 등 공동 실",적절
r37c7021737,https://www.daegu.go.kr/,대구광역시,True,https://info.daegu.go.kr/enewspaper/upimages/1787016542m5c2w.JPG,37c7021737e8b61d.jpg,"대구시, 올해 주민세 개인분 114억원 부과","대구시, 올해 주민세 개인분 114억원 부과 2026.08.13",True,"대구시, 올해 주민세 개인분 114억원 부과 2026.08.13",주요뉴스 > 분야별토픽,무의미형
r385393a636,https://www.dong.daegu.kr/portal/contents.do?mid=0201040900,"팔공메아리 팔공메아리 게시글 목록

	
	
		
			| 팔공메아리
			
		
	
		
			| 구정소식
			
		
	
		
			| 소통참여
			
		
	
		
	
		
	
	| 대구광역시 동구청 홈페이지",True,https://www.dong.daegu.kr/common/file/img/view.do?atchFileId=E4B35EC6ABF85008A44E4BEE00CA5EEE39356D539FBEF03A79A3EEF9B1DCCB9E&fileSn=78F6C76797E0512124C392213D7DC6FF&width=&height=,385393a63686afef.do,2026년 7월 팔공메아리,2026년 7월 팔공메아리 팔공메아리 7월호.pdf [46.07MB] 바로 보기,False,,동구미래 제대로 다르게 > 팔공메아리,불충분형
r39928532f0,https://www.dong.daegu.kr/portal/contents.do?mid=0201040900,"팔공메아리 팔공메아리 게시글 목록

	
	
		
			| 팔공메아리
			
		
	
		
			| 구정소식
			
		
	
		
			| 소통참여
			
		
	
		
	
		
	
	| 대구광역시 동구청 홈페이지",True,https://www.dong.daegu.kr/common/file/img/view.do?atchFileId=E4B35EC6ABF85008A44E4BEE00CA5EEE42151BF1349B08EBD441425B3ABB99C8&fileSn=78F6C76797E0512124C392213D7DC6FF&width=&height=,39928532f07f2a39.do, 2026년 9월 팔공메아리,2026년 9월 팔공메아리 팔공메아리 9월호.pdf [42.9MB] 바로 보기,False,,동구미래 제대로 다르게 > 팔공메아리,불충분형
r3db5af1819,https://www.dong.daegu.kr/portal/contents.do?mid=0603010000,"한눈에 보는 동구의 미래 

	
	
		
			| 주요구정알리미
			
		
	
		
			| 동구안내
			
		
	
		
	
		
	
		
	
	| 대구광역시 동구청 홈페이지",True,https://www.dong.daegu.kr/portal/img/content/06/Future_01.png,3db5af1819fe6ff3.png,K-2 후적지 개발,한눈에 보는 동구의 미래 K-2 후적지 개발 자세히보기 팔공산 국립공원 승격 자세히보기 동구 도시재생 뉴딜사업 자세히보기 금호강(안심-불로) 르네상스 자세히보기 동부권 산업경제 활성화 자세히보기,False,,동구미래 제대로 다르게 > 한눈에 보는 동구의 미래,불충분형
r425f8567e6,https://www.korea.kr/news/policyNewsView.do?newsId=148970546&pWise=main&pWiseMain=A11,국민이 만든 멜로디 '국민이 주인인 나라' 징글 대상 수상 - 정책뉴스 | 뉴스 | 대한민국 정책브리핑,True,https://www.korea.kr/newsWeb/resources/attaches/2026.08/24/jj7(1).jpg,425f8567e6c2156b.jpg,'국민의 멜로디' 징글 공모전 안내 홍보물(문화체육관광부 제공),'국민의 멜로디' 징글 공모전 안내 홍보물(문화체육관광부 제공),False,,국민이 만든 멜로디 '국민이 주인인 나라' 징글 대상 수상 > 문체부 '징글 공모전' 대상 김정민 씨 '국민이 주인인 나라' 수상 최우수상 2편·우수상 5편·장려상 30편,적절
r4660287319,https://www.korea.kr/news/policyNewsView.do?newsId=148970531&pWise=main&pWiseMain=A7,"방사청, '나토 표준 제공·관리 지침' 제정…국내기업 나토 진출 지원 - 정책뉴스 | 뉴스 | 대한민국 정책브리핑",True,https://www.korea.kr/newsWeb/resources/attaches/2026.08/24/fsdfa.jpg,466028731920418e.jpg,"이재명 대통령이 7일(현지시간) 튀르키예 앙카라 컨벤션센터에서 열린 북대서양조약기구(NATO·나토) 방위산업포럼에서 참석자들과 토론하고 있다. 2026.7.7 (ⓒ뉴스1, 무단 전재-재배포 금지)","이재명 대통령이 7일(현지시간) 튀르키예 앙카라 컨벤션센터에서 열린 북대서양조약기구(NATO·나토) 방위산업포럼에서 참석자들과 토론하고 있다. 2026.7.7 (ⓒ뉴스1, 무단 전재-재배포 금지)",False,,"방사청, '나토 표준 제공·관리 지침' 제정…국내기업 나토 진출 지원 > 국내 기업 등에 나토 표준 신속 제공하는 기반 첫 마련",적절
r4d5e42c172,https://www.dong.daegu.kr/,대구광역시 동구청 홈페이지에 오신 것을 환영합니다.,True,https://www.dong.daegu.kr/portal/img/main/sns_Youtube.png,4d5e42c172951fb2.png,"사계절 내내 즐기는 최고의 은빛 겨울왕국, 대구 제2빙상장 전격 분석! l 찾아라 동구핫플 EP.16","사계절 내내 즐기는 최고의 은빛 겨울왕국, 대구 제2빙상장 전격 분석! l 찾아라 동구핫플 EP.16",True,"사계절 내내 즐기는 최고의 은빛 겨울왕국, 대구 제2빙상장 전격 분석! l 찾아라 동구핫플 EP.16",동구미래 제대로 다르게 > 동구 소통 S NS,중복형
r4df52c1fd6,https://www.dong.daegu.kr/,대구광역시 동구청 홈페이지에 오신 것을 환영합니다.,True,https://www.dong.daegu.kr/common/file/img/view.do?atchFileId=E4B35EC6ABF85008A44E4BEE00CA5EEE8B361E0C604823F9715929829E21CBDB&fileSn=78F6C76797E0512124C392213D7DC6FF&width=&height=,4df52c1fd6dc2735.do,"대구 동구,제1회 청년 창업 아이디어 경진대회 시상식 개최","2026.08.10 대구 동구,제1회 청년 창업 아이디어 경진대회 시상식 개최 대구 동구,제1회 청년 창업 아이디어 경진대회 시상식 개최 대구 동구청(구청장 우성진)은 지난 5일, 구청 소회의실에서 ‘제1회 대구 동구 청년 창업 아이디어 경진대회’시상식을 개최했다. 

이번 경진대회는 창업 인재 양성과 문화 확산을 위해 동구 거주 또는 생활권을 둔 19세 이상 39...",True,"2026.08.10 대구 동구,제1회 청년 창업 아이디어 경진대회 시상식 개최 대구 동구,제1회 청년 창업 아이디어 경진대회 시상식 개최 대구 동구청(구청장 우성진)은 지난 5일, 구청 소회의실에서 ‘제1회 대구 동",동구미래 제대로 다르게 > 동구 STORY 동구의 이야기를 들어보세요.,불충분형
r569b18fe5c,https://www.daegu.go.kr/,대구광역시,True,https://info.daegu.go.kr/enewspaper/upimages/1787210020m5c2w.JPG,569b18fe5cf1b3f9.jpg,"대구시, ‘2026 대구 도시디자인 공모전’ 개최","대구시, ‘2026 대구 도시디자인 공모전’ 개최 2026.08.20",True,"대구시, ‘2026 대구 도시디자인 공모전’ 개최 2026.08.20",주요뉴스 > 분야별토픽,불충분형
r745de111a1,https://www.dong.daegu.kr/portal/contents.do?mid=0201040900,"팔공메아리 팔공메아리 게시글 목록

	
	
		
			| 팔공메아리
			
		
	
		
			| 구정소식
			
		
	
		
			| 소통참여
			
		
	
		
	
		
	
	| 대구광역시 동구청 홈페이지",True,https://www.dong.daegu.kr/common/file/img/view.do?atchFileId=46064F37A856401E8954F7196FECE633EF1921A1729D57A63286E1A7780D2AE4&fileSn=BD6CD46F03BD6A7709C9F7328DCF9D54&width=&height=,745de111a146921a.do, 2026년 3월 팔공메아리,2026년 3월 팔공메아리 팔공메아리 3월호.pdf [48.2MB] 바로 보기,False,,동구미래 제대로 다르게 > 팔공메아리,불충분형
r76d4b740e0,https://www.dong.daegu.kr/portal/contents.do?mid=0201040900,"팔공메아리 팔공메아리 게시글 목록

	
	
		
			| 팔공메아리
			
		
	
		
			| 구정소식
			
		
	
		
			| 소통참여
			
		
	
		
	
		
	
	| 대구광역시 동구청 홈페이지",True,https://www.dong.daegu.kr/common/file/img/view.do?atchFileId=E4B35EC6ABF85008A44E4BEE00CA5EEEF8A53CA4159B9A17FA0EC014D8ABEB3E&fileSn=78F6C76797E0512124C392213D7DC6FF&width=&height=,76d4b740e02d6eb5.do,2026년 6월 팔공메아리,2026년 6월 팔공메아리 팔공메아리 6월호.pdf [39.75MB] 바로 보기,False,,동구미래 제대로 다르게 > 팔공메아리,불충분형
r782df1b6bd,https://www.dong.daegu.kr/,대구광역시 동구청 홈페이지에 오신 것을 환영합니다.,True,https://www.dong.daegu.kr/common/file/img/view.do?atchFileId=E4B35EC6ABF85008A44E4BEE00CA5EEEA6EF3A4607F6D69FF0BDC52ACD6645FC&fileSn=78F6C76797E0512124C392213D7DC6FF&width=&height=,782df1b6bd7c858e.do,"대한전문건설협회 대구시회,(재)대구동구교육재단에 장학금 500만원 기탁","2026.08.21 대한전문건설협회 대구시회,(재)대구동구교육재단에 장학금 500만원 기탁 대한전문건설협회 대구시회,(재)대구동구교육재단에 장학금 500만원 기탁 대한전문건설협회 대구시회(회장 최상대)는 지난 19일, 지역의 인재 육성과 교육 여건 개선을 위해 (재)대구동구교육재단에 장학금 500만 원을 전달했다.

최상대 회장은 “지역의 미래인 학생들이 역량을 마음껏 펼치는 데 보탬이 되...",True,"2026.08.21 대한전문건설협회 대구시회,(재)대구동구교육재단에 장학금 500만원 기탁 대한전문건설협회 대구시회,(재)대구동구교육재단에 장학금 500만원 기탁 대한전문건설협회 대구시회(회장 최상대)는 지난 19일",동구미래 제대로 다르게 > 동구 STORY 동구의 이야기를 들어보세요.,적절
r7eb29474dd,https://www.korea.kr/news/policyNewsView.do?newsId=148970521&pWise=main&pWiseMain=A2,호우 피해 거제·통영에 법인세·종소세 등 신고·납부 2년 연장 - 정책뉴스 | 뉴스 | 대한민국 정책브리핑,True,https://www.korea.kr/newsWeb/resources/attaches/2026.08/24/tg7(2).jpg,7eb29474dd9cd8e3.jpg,"극한 호우로 유실된 경남 통영시 봉평동 용화사 인근 한 도로에서 복구 작업이 진행돼 주민들이 이를 지켜보고 있다. 2026.8.18.(ⓒ뉴스1, 무단 전재-재배포 금지)","극한 호우로 유실된 경남 통영시 봉평동 용화사 인근 한 도로에서 복구 작업이 진행돼 주민들이 이를 지켜보고 있다. 2026.8.18.(ⓒ뉴스1, 무단 전재-재배포 금지)",False,,호우 피해 거제·통영에 법인세·종소세 등 신고·납부 2년 연장 > 법인세 중간예납세액 납부 11월 2일까지 2개월 연장 압류·압류재산 매각 2년 유예…수산업 등 세무조사도,적절
r7f5f4c9f07,https://www.korea.kr/news/policyNewsView.do?newsId=148970522&pWise=main&pWiseMain=A9,개학 맞아 전국 초등교 주변 5대 분야 위해요소 집중 점검 - 정책뉴스 | 뉴스 | 대한민국 정책브리핑,True,https://www.korea.kr/newsWeb/resources/attaches/2026.08/24/image03(5).jpg,7f5f4c9f07490a92.jpg,개학기 위해요소 안전점검·단속 안내 홍보물2(교육부 제공),개학기 위해요소 안전점검·단속 안내 홍보물2(교육부 제공),False,,"개학 맞아 전국 초등교 주변 5대 분야 위해요소 집중 점검 > 교통안전, 식품안전, 유해환경, 제품안전, 불법광고물 등 보호자·어린이 안전수칙-실종예방 사전등록제도 홍보도",불충분형
r90a38c9dd9,https://www.dong.daegu.kr/,대구광역시 동구청 홈페이지에 오신 것을 환영합니다.,True,https://www.dong.daegu.kr/portal/img/main/sns_Youtube.png,90a38c9dd90868e0.png,"8·15 광복절, 대구의 민족혼과 계몽의 빛이 깃든 조양회관 #시네마틱동구","8·15 광복절, 대구의 민족혼과 계몽의 빛이 깃든 조양회관 #시네마틱동구",True,"8·15 광복절, 대구의 민족혼과 계몽의 빛이 깃든 조양회관 #시네마틱동구",동구미래 제대로 다르게 > 동구 소통 S NS,중복형
r9c17cdeeba,https://www.korea.kr/news/policyNewsView.do?newsId=148970542&pWise=main&pWiseMain=A10,동포청년 한국 정착 돕는다…'한국어교육-직업훈련' 지원 - 정책뉴스 | 뉴스 | 대한민국 정책브리핑,True,https://www.korea.kr/newsWeb/resources/attaches/2026.08/24/j7(5).jpg,9c17cdeeba6b0782.jpg,동포청년 취업지원사업 개소식 (재외동포청 제공),동포청년 취업지원사업 개소식 (재외동포청 제공),False,,동포청년 한국 정착 돕는다…'한국어교육-직업훈련' 지원 > 중남미·중·러 등 12개국 출신 대상… 10개월간 한국어·한식조리 교육 등 지원,불충분형
ra016a41ad8,https://www.dong.daegu.kr/,대구광역시 동구청 홈페이지에 오신 것을 환영합니다.,True,https://www.dong.daegu.kr/portal/img/main/sns_Youtube.png,a016a41ad89971dd.png,"금호강 따라 즐기는 동구 힐링 코스, 동촌유원지로 떠나볼까요 l 찾아라 동구핫플 EP.15","금호강 따라 즐기는 동구 힐링 코스, 동촌유원지로 떠나볼까요 l 찾아라 동구핫플 EP.15",True,"금호강 따라 즐기는 동구 힐링 코스, 동촌유원지로 떠나볼까요 l 찾아라 동구핫플 EP.15",동구미래 제대로 다르게 > 동구 소통 S NS,중복형
ra383896c16,https://www.dong.daegu.kr/,대구광역시 동구청 홈페이지에 오신 것을 환영합니다.,True,https://www.dong.daegu.kr/common/file/img/view.do?atchFileId=E4B35EC6ABF85008A44E4BEE00CA5EEEC22152C4CF498A1C1F19437C7D1C0587&fileSn=78F6C76797E0512124C392213D7DC6FF&width=&height=,a383896c161caaf9.do,"대구 동구, 2026년 을지연습 실제훈련 실시","2026.08.21 대구 동구, 2026년 을지연습 실제훈련 실시 대구 동구청(구청장 우성진)은 지난 19일 대구경북지방병무청에서 드론 폭발물 테러 상황을 가정한 을지연습 실제훈련을 실시했다.

이번 훈련은 최근 드론을 활용한 테러 등 새로운 형태의 안보 위협에 대비해 유관기관 간 협업체계를 점...",True,"2026.08.21 대구 동구, 2026년 을지연습 실제훈련 실시 대구 동구청(구청장 우성진)은 지난 19일 대구경북지방병무청에서 드론 폭발물 테러 상황을 가정한 을지연습 실제훈련을 실시했다.

이번 훈련은 최근",동구미래 제대로 다르게 > 동구 STORY 동구의 이야기를 들어보세요.,불충분형
rad9f57c142,https://www.daegu.go.kr/,대구광역시,True,https://info.daegu.go.kr/enewspaper/upimages/1787012481m5c2w.JPG,ad9f57c142a01c88.jpg,"시민의 목소리로 만드는 더 나은 대구, 2026 대구사회조사 실시","시민의 목소리로 만드는 더 나은 대구, 2026 대구사회조사 실시 2026.08.18",True,"시민의 목소리로 만드는 더 나은 대구, 2026 대구사회조사 실시 2026.08.18",주요뉴스 > 분야별토픽,불충분형
raef47a97a2,https://www.daegu.go.kr/,대구광역시,True,https://info.daegu.go.kr/enewspaper/upimages/1786522250m5c2w.JPG,aef47a97a2036225.jpg,"대구공공시설관리공단, 통합 출범 4주년 기념 AI 홍보영상 공모전 개최","대구공공시설관리공단, 통합 출범 4주년 기념 AI 홍보영상 공모전 개최 2026.08.12",True,"대구공공시설관리공단, 통합 출범 4주년 기념 AI 홍보영상 공모전 개최 2026.08.12",주요뉴스 > 분야별토픽,무관형
rb1d32e3b86,https://www.dong.daegu.kr/,대구광역시 동구청 홈페이지에 오신 것을 환영합니다.,True,https://www.dong.daegu.kr/common/file/img/view.do?atchFileId=E4B35EC6ABF85008A44E4BEE00CA5EEE4494F68C3D4DB0615653DADF6333B2C4&fileSn=78F6C76797E0512124C392213D7DC6FF&width=&height=,b1d32e3b86d71422.do,"(주)신세계사이먼, 안심뉴타운 프리미엄 아울렛 토지매매 계약 및 투자지원  협약","2026.08.10 (주)신세계사이먼, 안심뉴타운 프리미엄 아울렛 토지매매 계약 및 투자지원  협약 (주)신세계사이먼, 안심뉴타운 프리미엄 아울렛 토지매매 계약 및 투자지원  협약 7일 대구시청 산격청사에서 신세계사이먼과 미국 사이먼프라퍼티 그룹, 대구도시개발공사, 대구 동구청이 참석하는 '프리미엄아울렛 조성을 위한 토지매매 계약 체결식'을 열었다. 

매매 대상인 토지는 동구 율암동 안심뉴타운의 유통상업시...",True,"2026.08.10 (주)신세계사이먼, 안심뉴타운 프리미엄 아울렛 토지매매 계약 및 투자지원  협약 (주)신세계사이먼, 안심뉴타운 프리미엄 아울렛 토지매매 계약 및 투자지원  협약 7일 대구시청 산격청사에서 신세계사",동구미래 제대로 다르게 > 동구 STORY 동구의 이야기를 들어보세요.,적절
rb7235f03e9,https://www.dong.daegu.kr/portal/contents.do?mid=0201040900,"팔공메아리 팔공메아리 게시글 목록

	
	
		
			| 팔공메아리
			
		
	
		
			| 구정소식
			
		
	
		
			| 소통참여
			
		
	
		
	
		
	
	| 대구광역시 동구청 홈페이지",True,https://www.dong.daegu.kr/common/file/img/view.do?atchFileId=E4B35EC6ABF85008A44E4BEE00CA5EEE7523011C5B29573809E98884BB67B915&fileSn=153B0F4F8CC3473C14B0C97144A3CEB0&width=&height=,b7235f03e9e0e15a.do, 2026년 5월 팔공메아리,2026년 5월 팔공메아리 0417 팔공메아리 5월호(329) 일반판-단면(웹용) - 수정.pdf [46.55MB] 바로 보기,False,,동구미래 제대로 다르게 > 팔공메아리,불충분형
rd116372329,https://www.korea.kr/news/policyNewsView.do?newsId=148970529&pWise=main&pWiseMain=A4,"정부, 'AI 윤리원칙' 제정…인간 존엄성 등 3대 가치·7대 원칙 담아 - 정책뉴스 | 뉴스 | 대한민국 정책브리핑",True,https://www.korea.kr/newsWeb/resources/attaches/2026.08/24/2(119).jpg,d1163723299097e5.jpg,대한민국 인공지능 윤리원칙(자료=과학기술정보통신부),대한민국 인공지능 윤리원칙(자료=과학기술정보통신부),False,,"정부, 'AI 윤리원칙' 제정…인간 존엄성 등 3대 가치·7대 원칙 담아 > AI 시대 인간과 사회, 인류 차원에서 추구해야 할 근본적 지향점 제시 공급자·이용자·정부·사회 등 공동 실",불충분형
rd1779a6ca7,https://www.korea.kr/news/policyNewsView.do?newsId=148970519&pWise=main&pWiseMain=A1,거제·통영 특별재난지역 선포…공공요금 감면 등 추가 지원 - 정책뉴스 | 뉴스 | 대한민국 정책브리핑,True,https://www.korea.kr/newsWeb/resources/attaches/2026.08/24/20260824001.jpg,d1779a6ca7e8e441.jpg,"정부는 21일 집중호우로 큰 피해를 본 경남 거제시와 통영시 산양읍·봉평동을 특별재난지역으로 선포했다. 사진은 이날 거제시 옥포동에서 자원봉사자들이 침수 피해를 본 상가 주변의 토사와 폐기물을 치우며 복구 작업을 하는 모습. 2026.8.21 (사진=저작권자(c) 연합뉴스, 무단 전재-재배포 금지)","정부는 21일 집중호우로 큰 피해를 본 경남 거제시와 통영시 산양읍·봉평동을 특별재난지역으로 선포했다. 사진은 이날 거제시 옥포동에서 자원봉사자들이 침수 피해를 본 상가 주변의 토사와 폐기물을 치우며 복구 작업을 하는 모습. 2026.8.21 (사진=저작권자(c) 연합뉴스, 무단 전재-재배포 금지)",False,,거제·통영 특별재난지역 선포…공공요금 감면 등 추가 지원 > 거제 전역·통영 산양읍·봉평동 우선 선포…복구비 국비 추가 지원 건강보험·전기요금 등 13가지 추가 지원…피,적절
red5f0cd556,https://www.korea.kr/news/policyNewsView.do?newsId=148970534&pWise=main&pWiseMain=A3,"전국 의용소방대, 호우 피해 거제·통영 지역서 복구 지원 나선다 - 정책뉴스 | 뉴스 | 대한민국 정책브리핑",True,https://www.korea.kr/newsWeb/resources/attaches/2026.08/24/PYH2026082016110005200.jpg,ed5f0cd556c495e6.jpg,"20일 오후 경남 거제시 옥포동 한 상가가 집중 호우 영향으로 파손돼 있다. 2026.8.20 (ⓒ뉴스1, 무단 전재-재배포 금지)","20일 오후 경남 거제시 옥포동 한 상가가 집중 호우 영향으로 파손돼 있다. 2026.8.20 (ⓒ뉴스1, 무단 전재-재배포 금지)",False,,"전국 의용소방대, 호우 피해 거제·통영 지역서 복구 지원 나선다 > 침수 주택·상가 내 흙모래 제거 등…고령자 등 재난취약계층 우선 지원",적절
rf80a7d3140,https://www.daegu.go.kr/,대구광역시,True,https://info.daegu.go.kr/enewspaper/upimages/1786429540m5c2w.JPG,f80a7d3140505e24.jpg,전 세계 육상인과 시민이 함께 즐긴다… WMAC Daegu 2026 여름 축제(Athletes’Holiday in Daegu) 개최!,전 세계 육상인과 시민이 함께 즐긴다… WMAC Daegu 2026 여름 축제(Athletes’Holiday in Daegu) 개최! 2026.08.11,True,전 세계 육상인과 시민이 함께 즐긴다… WMAC Daegu 2026 여름 축제(Athletes’Holiday in Daegu) 개최! 2026.08.11,주요뉴스 > 분야별토픽,적절
r008bae02f8,https://www.kisti.re.kr/intro/pageView/601,역대기관장  |  연혁/역대기관장  | KISTI 소개  | 한국과학기술정보연구원,False,https://www.kisti.re.kr/resources/images/content/agency_img_12.png,008bae02f8b54b3f.png,홍문신 원장,KIET 한국산업기술경제연구원 박성상 원장 1982~1983 사공일 원장 1983 문희화 원장 1983~1986 홍문신 원장 1986~1988 박성상 원장 1988~1990,False,,역대기관장 > 주메뉴 > KIET 한국산업기술경제연구원,적절
r01fee16003,https://www.nl.go.kr/oasis/,OASIS - 온라인 디지털지적문화유산의 아카이빙,False,https://nl.go.kr/oasis/common/thumbnail_view.do?fileId=FILE-00078518941,01fee160037c164e.do,2025 APEC 대한민국 경주 정상회의 ,2025 APEC 대한민국 경주 정상회의 -APEC   아시아 태평양 경제협력체(APEC)는 환태평양 연안 국가의 경제적 결합을 돈독하게 하고자 만든 국제 기구이며 싱가포르에 ... 515 건,True,2025 APEC 대한민국 경주 정상회의 -APEC   아시아 태평양 경제협력체(APEC)는 환태평양 연안 국가의 경제적 결합을 돈독하게 하고자 만든 국제 기구이며 싱가포르에 ... 515 건,상세검색 > 국립중앙도서관 웹자원 아카이브 OASIS > 테마 컬렉션,장식오용형
r037da18def,https://www.nl.go.kr/korcis/index.do,한국고문헌종합목록,False,https://www.nl.go.kr/korcis/cmmn/file/25120150782FNSB1/image.do,037da18def710913.do,[한국고문헌국역총서 17] 국역 와운옹문견수기,[한국고문헌국역총서 17] 국역 와운옹문견수기 홍지섭 지음 / 성균관대학교 동아시아한문학연구소 옮김,True,[한국고문헌국역총서 17] 국역 와운옹문견수기 홍지섭 지음 / 성균관대학교 동아시아한문학연구소 옮김,한국고문헌종합목록 > 간행물소개 및 서비스 바로가기,적절
r03cc6cf399,https://www.nl.go.kr/oasis/,OASIS - 온라인 디지털지적문화유산의 아카이빙,False,https://nl.go.kr/oasis/social/viewSocialMedia.do?twMediaType=USER&twUid=137634922&twMediaNo=2,03cc6cf399ac7cc9.do,국방부 트위터 대변인,"고용노동부 7,357 건 과학기술정보통신부 11,329 건 교육부 4,878 건 국방부 트위터 대변인 3,650 건 국토교통부 10,997 건 농림축산식품부 4,758 건 문화체육관광부 5,341 건 법무부 1,637 건 대한민국 보건복지부 7,339 건 산업통상자원부 288 건 여성가족부 3,735 건 대한민국 외교부 MOFA_KR 4,092 건",True,"국방부 트위터 대변인 3,650 건",상세검색 > 국립중앙도서관 웹자원 아카이브 OASIS > 트위터 아카이브(2018~2022),적절
r04ac3010bf,https://www.mohw.go.kr/eng/index.jsp,Ministry of health and welfare,False,https://www.mohw.go.kr/upload/popupzone/a2/20260805151648134.jpg,04ac3010bffa5f83.jpg,MOHW Minister Visits Asan to Review Heatwave Protection Measures for Vulnerable Groups,2026-08-05 MOHW Minister Visits Asan to Review Heatwave Protection Measures for Vulnerable Groups,True,2026-08-05 MOHW Minister Visits Asan to Review Heatwave Protection Measures for Vulnerable Groups,보건복지부 영문홈페이지 > All Menus,적절
r075ba88c36,https://www.nl.go.kr/oasis/,OASIS - 온라인 디지털지적문화유산의 아카이빙,False,https://nl.go.kr/oasis/social/viewSocialMedia.do?twMediaType=USER&twUid=90584054&twMediaNo=2,075ba88c36bea11a.do,대한민국 보건복지부,"고용노동부 7,357 건 과학기술정보통신부 11,329 건 교육부 4,878 건 국방부 트위터 대변인 3,650 건 국토교통부 10,997 건 농림축산식품부 4,758 건 문화체육관광부 5,341 건 법무부 1,637 건 대한민국 보건복지부 7,339 건 산업통상자원부 288 건 여성가족부 3,735 건 대한민국 외교부 MOFA_KR 4,092 건",True,"대한민국 보건복지부 7,339 건",상세검색 > 국립중앙도서관 웹자원 아카이브 OASIS > 트위터 아카이브(2018~2022),적절
r0a3df4c11c,https://www.kisti.re.kr/resources/kisti_history/celebration/01_01.html,한국과학기술정보연구원 60주년 e-역사관,False,https://www.kisti.re.kr/resources/kisti_history/img/celebration/ce_01_img12.png,0a3df4c11cde8316.png,Oak Ridge National Laboratory,Oak Ridge National Laboratory (미국 오크리지 국립연구소) 축전 보기,False,,해외 축전 > JST,적절
r0b61eb090e,https://www.djjunggu.go.kr/tmpl/skin/common/toputilPagelist.jsp,,False,https://www.djjunggu.go.kr/thumbnail/shortCutDetail/300_SCD_202101061055524211.png,0b61eb090ef96350.png,계약정보공개,계약정보공개 대전 중구 계약정보공개 홈페이지,True,계약정보공개 대전 중구 계약정보공개 홈페이지,,장식오용형
r0c65e63384,https://www.kisti.re.kr/intro/directions/pageView/21,서울분원  |  찾아오시는길  | KISTI 소개  | 한국과학기술정보연구원,False,https://www.kisti.re.kr/resources/images/content/location_02.png,0c65e63384de3f64.png,서울특별시 동대문구 회기로 66,"서울분원 서울특별시 동대문구 회기로 66 (우편번호 : 02456) Tel 02-3299-6114 Fax 02-3299-6244 자가용 이용안내 동대문에서 청량리 방면으로 오다가 청량리역 교차로에서 좌회전, 국립산림과학원 앞 삼거리에서 세종대왕 기념관을 따라 우회전(경희대방향)하여 15m진입하면 우측으로 한국과학기술정보연구원 건물이 보임. 고대에서 미아리 방향으로 가다가 국립산림과학원 방향으로 우회전, 국립산림과학원을 지나 약15m앞에 우측으로 한국과학기술정보연구원 건물이 보임. 지하철 이용안내 1호선 청량리역 2번출구(청량리 우체국 방면) → 현대코아 버스정류장까지 약 171m 걷기 →파란색(간선)버스 201(현대코아) 승차 후, 세종대왕기념관 정류장에서 하차 → 세종기념관 앞에서 오른쪽 방향으로 → 약 87m 이동(회기로) → 오른쪽 방향으로 → 한국과학기술정보연구원서울청사까지 약 100m 이동 → 한국과학기술정보연구원서울청사 도착 6호선 고려대(종암)역 3번 출구 → 하나쇼파까",False,,서울분원,불충분형
r0f620cb925,https://www.nl.go.kr/,국립중앙도서관,False,https://www.nl.go.kr/resource/templete/nl/img/main/img_home_banner05.png,0f620cb925da6409.png,도서관 정보나루,국가자료종합목록 도서관 정보나루 웹자원아카이브 온나루 통합검색 한국고문헌종합목록 국가서지 LOD 국가리포지터리(OAK) ISBN·ISSN·납본시스템 책이음 서비스 사서지원서비스 ISNI KOREA,True,https://www.data4library.kr/,검색어 자동완성 목록,적절
r0fa96347e0,https://www.nl.go.kr/oasis/,OASIS - 온라인 디지털지적문화유산의 아카이빙,False,https://nl.go.kr/oasis/common/thumbnail_view.do?fileId=FILE-00076663651,0fa96347e01c68d8.do,"2024 제33회 파리 하계 올림픽 , 패럴림픽","2024 제33회 파리 하계 올림픽 , 패럴림픽 2024년 하계올림픽은 2024년 7월 26일부터 8월 11일까지 프랑스 파리에서 개최된 제33회 하계 올림픽이다. 참가국은 206개국, 10,... 197 건",True,"2024 제33회 파리 하계 올림픽 , 패럴림픽 2024년 하계올림픽은 2024년 7월 26일부터 8월 11일까지 프랑스 파리에서 개최된 제33회 하계 올림픽이다. 참가국은 206개국, 10,... 197 건",상세검색 > 국립중앙도서관 웹자원 아카이브 OASIS > 테마 컬렉션,불충분형
r105a20d756,https://www.nl.go.kr/,국립중앙도서관,False,https://www.nl.go.kr/resource/templete/nl/img/main/img_home_banner12.png,105a20d75654a2ce.png,국가리포지터리(OAK),국가자료종합목록 도서관 정보나루 웹자원아카이브 온나루 통합검색 한국고문헌종합목록 국가서지 LOD 국가리포지터리(OAK) ISBN·ISSN·납본시스템 책이음 서비스 사서지원서비스 ISNI KOREA,True,https://www.oak.go.kr/main/main.do,검색어 자동완성 목록,적절
r10edb1680a,http://www.andong.go.kr/arts/main.do,안동문화예술의전당,False,https://i.ytimg.com/vi/HBqZQIfKTag/mqdefault.jpg,10edb1680a2a2310.jpg,8월 문화가 있는 날 콘서트 4인의 재즈피아노 INTERPLAY 연주자 인사가 도착했습니다💌,8월 문화가 있는 날 콘서트 4인의 재즈피아노 INTERPLAY 연주자 인사가 도착했습니다💌 유튜브 8월 문화가 있는 날 콘서트 4인의 재즈피아노 INTERPLAY 연주자 인사가 도착했습니다💌,True,8월 문화가 있는 날 콘서트 4인의 재즈피아노 INTERPLAY 연주자 인사가 도착했습니다💌 유튜브 8월 문화가 있는 날 콘서트 4인의 재즈피아노 INTERPLAY 연주자 인사가 도착했습니다💌,안동문화예술의전당 > #SNS로 만나는 예술의 전당,적절
r1196456dc6,https://www.nl.go.kr/oasis/,OASIS - 온라인 디지털지적문화유산의 아카이빙,False,https://nl.go.kr/oasis/common/thumbnail_view.do?contentsId=CNTS-00111381506,1196456dc6ff2045.do,과학기술정보통신부,과학기술정보통신부 과학기술정보통신부 최초수집일 2019.05.23,True,과학기술정보통신부 과학기술정보통신부 최초수집일 2019.05.23,상세검색 > 국립중앙도서관 웹자원 아카이브 OASIS > 웹사이트 컬렉션,불충분형
r1311f966be,https://www.djjunggu.go.kr/tmpl/skin/common/toputilPagelist.jsp,,False,https://www.djjunggu.go.kr/thumbnail/shortCutDetail/300_SCD_202207011029181251.jpg,1311f966be2bebf4.jpg,English,English 대전 중구청(English) 홈페이지,True,English 대전 중구청(English) 홈페이지,,무관형
r15b927ee96,https://www.nl.go.kr/,국립중앙도서관,False,https://www.nl.go.kr/resource/templete/nl/img/main/img_home_banner06.png,15b927ee96f9fa2f.png,ISBN·ISSN·납본시스템,국가자료종합목록 도서관 정보나루 웹자원아카이브 온나루 통합검색 한국고문헌종합목록 국가서지 LOD 국가리포지터리(OAK) ISBN·ISSN·납본시스템 책이음 서비스 사서지원서비스 ISNI KOREA,True,https://nl.go.kr/seoji,검색어 자동완성 목록,적절
r1675f97d37,https://www.nl.go.kr/oasis/,OASIS - 온라인 디지털지적문화유산의 아카이빙,False,https://nl.go.kr/oasis/common/thumbnail_view.do?contentsId=CNTS-00075045385,1675f97d37d8cd45.do,아이러브스쿨,아이러브스쿨 아이러브스쿨 최초수집일 2015.09.17,True,아이러브스쿨 아이러브스쿨 최초수집일 2015.09.17,상세검색 > 국립중앙도서관 웹자원 아카이브 OASIS > 웹사이트 컬렉션,적절
r18e9f9bdfa,https://www.kisti.re.kr/intro/pageView/601,역대기관장  |  연혁/역대기관장  | KISTI 소개  | 한국과학기술정보연구원,False,https://www.kisti.re.kr/resources/images/content/agency_img_22.png,18e9f9bdfa0ef112.png,양병태 원장,KISTI 한국과학기술정보연구원 1-2대 조영화 원장 2001~2006 3대 양병태 원장 2006~2008 4-5대 박영서 원장 2008~2014 6대 한선화 원장 2014~2017 7대 최희윤 원장 2018~2021 8대 김재수 원장 2021~2024 9대 이 식 원장 2024~현재,False,,역대기관장 > 주메뉴 > KISTI 한국과학기술정보연구원,적절
r1e071b0427,https://www.kisti.re.kr/mspt/spt/pageView/29?t=1638863297451,"QnA      
							
							
							| 
							고객지원  | 한국과학기술정보연구원",False,https://www.kisti.re.kr/resources/images/content/qna_bn_7.png,1e071b0427c69490.png,MIRIAN,국가슈퍼컴퓨팅연구소 KREONET ScienceON NTIS ASTi 과학기술정보협의회 KOSEN MIRIAN,True,MIRIAN,QnA > KISTI에 관해 궁금하신 사항 을 문의 게시판에 남겨주세요. > 주요서비스 홈페이지 및 링크안내,적절
r1e58f0e354,https://www.nl.go.kr/oasis/,OASIS - 온라인 디지털지적문화유산의 아카이빙,False,https://nl.go.kr/oasis/common/thumbnail_view.do?contentsId=CNTS-00115964083,1e58f0e354bd08e5.do,농림축산식품부,농림축산식품부 농림축산식품부 최초수집일 2020.03.10,True,농림축산식품부 농림축산식품부 최초수집일 2020.03.10,상세검색 > 국립중앙도서관 웹자원 아카이브 OASIS > 웹사이트 컬렉션,적절
r21b7feb43b,https://www.djjunggu.go.kr/tmpl/skin/common/toputilPagelist.jsp,,False,https://www.djjunggu.go.kr/thumbnail/shortCutDetail/300_SCD_202101061054374121.png,21b7feb43b80d724.png,정신건강복지센터,정신건강복지센터 대전 중구 정신건강복지센터 홈페이지,True,정신건강복지센터 대전 중구 정신건강복지센터 홈페이지,,적절
r24bd657d70,https://www.nl.go.kr/oasis/,OASIS - 온라인 디지털지적문화유산의 아카이빙,False,https://nl.go.kr/oasis/social/viewSocialMedia.do?twMediaType=USER&twUid=112975988&twMediaNo=2,24bd657d70d1c9a5.do,농림축산식품부,"고용노동부 7,357 건 과학기술정보통신부 11,329 건 교육부 4,878 건 국방부 트위터 대변인 3,650 건 국토교통부 10,997 건 농림축산식품부 4,758 건 문화체육관광부 5,341 건 법무부 1,637 건 대한민국 보건복지부 7,339 건 산업통상자원부 288 건 여성가족부 3,735 건 대한민국 외교부 MOFA_KR 4,092 건",True,"농림축산식품부 4,758 건",상세검색 > 국립중앙도서관 웹자원 아카이브 OASIS > 트위터 아카이브(2018~2022),적절
r25260f803c,https://www.djjunggu.go.kr/tmpl/skin/common/toputilPagelist.jsp,,False,https://www.djjunggu.go.kr/thumbnail/shortCutDetail/300_SCD_202012310427185121.png,25260f803c492bbd.png,행정정보공동이용,국민신문고 국민신문고 위택스 위택스 정부24 정부24 행정정보공동이용 행정정보공동이용,True,행정정보공동이용 행정정보공동이용,,적절
r255e50dd3a,https://www.kisti.re.kr/intro/pageView/601,역대기관장  |  연혁/역대기관장  | KISTI 소개  | 한국과학기술정보연구원,False,https://www.kisti.re.kr/resources/images/content/agency_img_09.png,255e50dd3a7bd42b.png,박성상 원장,KIET 한국산업기술경제연구원 박성상 원장 1982~1983 사공일 원장 1983 문희화 원장 1983~1986 홍문신 원장 1986~1988 박성상 원장 1988~1990,False,,역대기관장 > 주메뉴 > KIET 한국산업기술경제연구원,적절
r25f76bd85d,https://www.nl.go.kr/oasis/,OASIS - 온라인 디지털지적문화유산의 아카이빙,False,https://nl.go.kr/oasis/common/thumbnail_view.do?contentsId=CNTS-00092411381,25f76bd85dd84faf.do,국립중앙도서관,국립중앙도서관 국립중앙도서관 최초수집일 2017.07.07,True,국립중앙도서관 국립중앙도서관 최초수집일 2017.07.07,상세검색 > 국립중앙도서관 웹자원 아카이브 OASIS > 웹사이트 컬렉션,적절
r009d33b0a5,https://www.dong.daegu.kr/portal/contents.do?mid=0301140000,"생애주기별복지 

	
	
		
			| 복지일반
			
		
	
		
			| 주민복지
			
		
	
		
	
		
	
		
	
	| 대구광역시 동구청 홈페이지",True,https://www.dong.daegu.kr/portal/img/content/03/charter_img_type1.png,009d33b0a5e58ef5.png,,생애주기별 복지 탄생의 순간부터 평생동안 나에게 맞는 복지서비스를 손쉽게 찾아보고 이용하세요. 영유아 아동 청소년 성인 어르신,False,,동구미래 제대로 다르게 > 생애주기별복지,적절
r0126a5a466,https://www.daegu.go.kr/,대구광역시,True,https://www.daegu.go.kr/cms_images/banner/20230831013852140.png,0126a5a466d14387.png,,대구산업경제동향 대구시 유휴재산 대구문화예술 디지털 아카이브 대구통계 신천 시민지킴이단 대구버스정보 대구교통 종합정보 E-BOOK 대구자치 경찰위원회 소통이음 민원공모 홈서비스 대구아동돌봄 대구일자리포털 블록체인 공동활용 아동급식 정보마당 서대구 역세권개발 항공사진 통합플랫폼 대구지도포털 대구안방 시정추진 우수부서 피플人대구 안심하이소 시민건강 놀이터 D-데이터허브 대구 서비스 인구분석 신기술 플랫폼 규제정보포털 바른주차안내 문자서비스 규제개혁 신문고 익명신고 (레드휘슬) 공익제보 시내버스 모니터 대구 음악창의도시 대기오염 문자알림 신청 대구시청 작은도서관 도시브랜드 웹툰 대구 전기차 충전소 비상대피/ 급수시설 주민참여예산,True,주민참여예산,대구시 운영서비스 > #SNS,적절
r046bf6ae3c,https://www.mohw.go.kr/menu.es?mid=a10314000000,"국민참여이벤트 < 참여 : 힘이 되는 평생 친구, 보건복지부",True,https://www.mohw.go.kr/galleryThumbView.es?bid=0015&list_no=380356,046bf6ae3c5e646b.es,,"[국가아동권리보장원] <응답하라, 국가아동권리보장원> 아동권리 사연 공모전 등록일 2026-08-13",True,"[국가아동권리보장원] <응답하라, 국가아동권리보장원> 아동권리 사연 공모전 등록일 2026-08-13",국민참여이벤트,불충분형
r080355dc26,https://www.mohw.go.kr/menu.es?mid=a10106000000,"전체 < 보건복지 모바일앱 종합안내 < 정보공개 : 힘이 되는 평생 친구, 보건복지부",True,https://www.mohw.go.kr/galleryThumbView.es?bid=CNT&list_no=378705,080355dc26a0e644.es,,응급의료정보제공 Android IOS,False,,보건복지 모바일앱 종합안내,불충분형
r11ce50aab7,https://www.kisti.re.kr/promote/post/news?t=1638863209511,보도자료  | KISTI 홍보  | 한국과학기술정보연구원,True,https://www.kisti.re.kr/fatt/thumbnail/sm_3f7108cf6f20ed.jpg,11ce50aab7258d4a.jpg,,"No. 929 View. 4069 KISTI, AI가 취약점을 찾고 공격 분석하는 ‘해킹제로’기술 개발 착수 KISTI, AI가 취약점을 찾고 공격 분석하는 ‘해킹제로’기술 개발 착수

 - 2030년까지 472억 원 투입..ETRI·KAIST 등 12개 산·학·연 기관 참여
- 사이버공격의 예방·검증·분석을 연계한 AI 자율형 보안체계 구축
- 국가 연구인프라 보호하고 국내 AI 사이버보안 경쟁력 강화


□ 한국과학기술정보연구원(원장 이식, 이하 KISTI)은 국가 핵심 연구인프라와 디지털 서비스를 사이버공격으로부터 선제적으로 보호하기 위해 ‘AI-화이트해커 기반 해킹제로 시스템 개발’에 착수했다고 밝혔다. 

□ 이번 사업은 인공지능(AI)이 정보시스템의 취약점과 공격 경로를 스스로 찾아 검증하고, 사고 발생 시 공격자의 행위와 침해 과정을 자동으로 분석하는 자율형 사이버보안 기술을 개발하는 것이 핵심이다.

□ 최근 사이버공격은 알려지지 않은 취약점을 악용",False,,보도자료 > 주메뉴 > Delete Article!,불충분형
r13c2435103,https://www.daegu.go.kr/,대구광역시,True,https://www.daegu.go.kr/cms_images/banner/20230831014430317.png,13c2435103b74b76.png,,대구산업경제동향 대구시 유휴재산 대구문화예술 디지털 아카이브 대구통계 신천 시민지킴이단 대구버스정보 대구교통 종합정보 E-BOOK 대구자치 경찰위원회 소통이음 민원공모 홈서비스 대구아동돌봄 대구일자리포털 블록체인 공동활용 아동급식 정보마당 서대구 역세권개발 항공사진 통합플랫폼 대구지도포털 대구안방 시정추진 우수부서 피플人대구 안심하이소 시민건강 놀이터 D-데이터허브 대구 서비스 인구분석 신기술 플랫폼 규제정보포털 바른주차안내 문자서비스 규제개혁 신문고 익명신고 (레드휘슬) 공익제보 시내버스 모니터 대구 음악창의도시 대기오염 문자알림 신청 대구시청 작은도서관 도시브랜드 웹툰 대구 전기차 충전소 비상대피/ 급수시설 주민참여예산,True,대구 서비스 인구분석,대구시 운영서비스 > #SNS,적절
r14e1ab1c40,https://www.mohw.go.kr/menu.es?mid=a10107010000,"목록 < 사전정보공표 < 사전정보공표 < 정보공개 : 힘이 되는 평생 친구, 보건복지부",True,https://www.mohw.go.kr/kor/img/infopublic/prior_icon5.png,14e1ab1c400daf72.png,,인구아동 전체 인구출산 아동복지 노인정책 요양보험 통합돌봄,False,,사전정보공표,적절
r17643d3de3,https://www.mohw.go.kr/menu.es?mid=a10106000000,"전체 < 보건복지 모바일앱 종합안내 < 정보공개 : 힘이 되는 평생 친구, 보건복지부",True,https://www.mohw.go.kr/galleryThumbView.es?bid=CNT&list_no=378707,17643d3de3472b8b.es,,복지위기알림 Android IOS 금연길라잡이 Android IOS 사회서비스전자바우처 결제앱 Android 사회서비스전자바우처 Android 치매체크 Android IOS 아이마중 Android IOS 복지로 Android IOS 129보건복지부 Android IOS 나의 건강기록 Android IOS,False,,보건복지 모바일앱 종합안내,불충분형
r187d537104,https://www.daegu.go.kr/,대구광역시,True,https://www.daegu.go.kr/cms_images/banner/20250617023858681.png,187d537104ef8f63.png,,대구산업경제동향 대구시 유휴재산 대구문화예술 디지털 아카이브 대구통계 신천 시민지킴이단 대구버스정보 대구교통 종합정보 E-BOOK 대구자치 경찰위원회 소통이음 민원공모 홈서비스 대구아동돌봄 대구일자리포털 블록체인 공동활용 아동급식 정보마당 서대구 역세권개발 항공사진 통합플랫폼 대구지도포털 대구안방 시정추진 우수부서 피플人대구 안심하이소 시민건강 놀이터 D-데이터허브 대구 서비스 인구분석 신기술 플랫폼 규제정보포털 바른주차안내 문자서비스 규제개혁 신문고 익명신고 (레드휘슬) 공익제보 시내버스 모니터 대구 음악창의도시 대기오염 문자알림 신청 대구시청 작은도서관 도시브랜드 웹툰 대구 전기차 충전소 비상대피/ 급수시설 주민참여예산,True,대구통계,대구시 운영서비스 > #SNS,적절
r1886af1fde,https://www.daegu.go.kr/,대구광역시,True,https://www.daegu.go.kr/cms_images/banner/20230831014839728.png,1886af1fded91657.png,,대구산업경제동향 대구시 유휴재산 대구문화예술 디지털 아카이브 대구통계 신천 시민지킴이단 대구버스정보 대구교통 종합정보 E-BOOK 대구자치 경찰위원회 소통이음 민원공모 홈서비스 대구아동돌봄 대구일자리포털 블록체인 공동활용 아동급식 정보마당 서대구 역세권개발 항공사진 통합플랫폼 대구지도포털 대구안방 시정추진 우수부서 피플人대구 안심하이소 시민건강 놀이터 D-데이터허브 대구 서비스 인구분석 신기술 플랫폼 규제정보포털 바른주차안내 문자서비스 규제개혁 신문고 익명신고 (레드휘슬) 공익제보 시내버스 모니터 대구 음악창의도시 대기오염 문자알림 신청 대구시청 작은도서관 도시브랜드 웹툰 대구 전기차 충전소 비상대피/ 급수시설 주민참여예산,True,규제개혁 신문고,대구시 운영서비스 > #SNS,적절
r1b0ce4e25e,https://www.mohw.go.kr/menu.es?mid=a10314000000,"국민참여이벤트 < 참여 : 힘이 되는 평생 친구, 보건복지부",True,https://www.mohw.go.kr/galleryThumbView.es?bid=0015&list_no=380273,1b0ce4e25e5df52f.es,,★ 129 보건복지상담 이용자 설문조사 등록일 2026-07-20,True,★ 129 보건복지상담 이용자 설문조사 등록일 2026-07-20,국민참여이벤트,불충분형
r1e64493eb8,https://www.mohw.go.kr/menu.es?mid=a10106000000,"전체 < 보건복지 모바일앱 종합안내 < 정보공개 : 힘이 되는 평생 친구, 보건복지부",True,https://www.mohw.go.kr/galleryThumbView.es?bid=CNT&list_no=378753,1e64493eb814bdb6.es,,129보건복지부 Android IOS,False,,보건복지 모바일앱 종합안내,불충분형
r23116baa9b,https://www.daegu.go.kr/,대구광역시,True,https://www.daegu.go.kr/cms_images/banner/20230831014122503.png,23116baa9b7e2a02.png,,대구산업경제동향 대구시 유휴재산 대구문화예술 디지털 아카이브 대구통계 신천 시민지킴이단 대구버스정보 대구교통 종합정보 E-BOOK 대구자치 경찰위원회 소통이음 민원공모 홈서비스 대구아동돌봄 대구일자리포털 블록체인 공동활용 아동급식 정보마당 서대구 역세권개발 항공사진 통합플랫폼 대구지도포털 대구안방 시정추진 우수부서 피플人대구 안심하이소 시민건강 놀이터 D-데이터허브 대구 서비스 인구분석 신기술 플랫폼 규제정보포털 바른주차안내 문자서비스 규제개혁 신문고 익명신고 (레드휘슬) 공익제보 시내버스 모니터 대구 음악창의도시 대기오염 문자알림 신청 대구시청 작은도서관 도시브랜드 웹툰 대구 전기차 충전소 비상대피/ 급수시설 주민참여예산,True,대구지도포털,대구시 운영서비스 > #SNS,적절
r2381c4cc9f,https://www.mohw.go.kr/menu.es?mid=a10314000000,"국민참여이벤트 < 참여 : 힘이 되는 평생 친구, 보건복지부",True,https://www.mohw.go.kr/galleryThumbView.es?bid=0015&list_no=380327,2381c4cc9f49c74a.es,,보건복지부 X JTBC 유튜브 ‘아는형님’  청년 장애인정책 포럼 ‘이음’ 등록일 2026-08-06,True,보건복지부 X JTBC 유튜브 ‘아는형님’  청년 장애인정책 포럼 ‘이음’ 등록일 2026-08-06,국민참여이벤트,불충분형
r2d1dec4e6f,https://www.mohw.go.kr/menu.es?mid=a10106000000,"전체 < 보건복지 모바일앱 종합안내 < 정보공개 : 힘이 되는 평생 친구, 보건복지부",True,https://www.mohw.go.kr/galleryThumbView.es?bid=CNT&list_no=378763,2d1dec4e6f489869.es,,국립암센터 모바일앱 Android IOS,False,,보건복지 모바일앱 종합안내,불충분형
r2d2ed93880,https://www.daegu.go.kr/,대구광역시,True,https://www.daegu.go.kr/cms_images/banner/20230831015337124.png,2d2ed938808631ce.png,,대구산업경제동향 대구시 유휴재산 대구문화예술 디지털 아카이브 대구통계 신천 시민지킴이단 대구버스정보 대구교통 종합정보 E-BOOK 대구자치 경찰위원회 소통이음 민원공모 홈서비스 대구아동돌봄 대구일자리포털 블록체인 공동활용 아동급식 정보마당 서대구 역세권개발 항공사진 통합플랫폼 대구지도포털 대구안방 시정추진 우수부서 피플人대구 안심하이소 시민건강 놀이터 D-데이터허브 대구 서비스 인구분석 신기술 플랫폼 규제정보포털 바른주차안내 문자서비스 규제개혁 신문고 익명신고 (레드휘슬) 공익제보 시내버스 모니터 대구 음악창의도시 대기오염 문자알림 신청 대구시청 작은도서관 도시브랜드 웹툰 대구 전기차 충전소 비상대피/ 급수시설 주민참여예산,True,대구시청 작은도서관,대구시 운영서비스 > #SNS,불충분형
r2d6798f6d8,https://www.kisti.re.kr/promote/post/news?t=1638863209511,보도자료  | KISTI 홍보  | 한국과학기술정보연구원,True,https://www.kisti.re.kr/fatt/thumbnail/sm_3f78ffcda87335.jpg,2d6798f6d8d861d3.jpg,,"No. 934 View. 134 KISTI, AI 시대 ‘읽는 힘’을 묻다 KISTI, AI 시대 ‘읽는 힘’을 묻다  
 
 
 
- KISTI 이식 원장, 옥스퍼드대 조지은 교수 특별강연 
- '컴퓨터는 어떻게 세상을 읽는가’에서 ‘우리는 왜 여전히 읽어야 하는가?”까지 
 
 
 
 
□ 한국과학기술정보연구원(원장 이식, 이하 KISTI)은 13일 대전 본원에서 지역 학부모와 학생을 대상으로 과학문화 프로그램 ‘두 개의 언어, 하나의 미래’를 개최했다고 밝혔다. 
 
□ 이번 행사는 AI가 일상과 교육, 연구 전반에 빠르게 확산되는 시대를 맞아 컴퓨터의 언어와 사람의 언어를 함께 이해하고, 인간 고유의 사고와 문해력의 가치를 돌아보기 위해 마련됐다.  
 
□ 첫 번째 강연에서 이식 KISTI 원장은 ‘컴퓨터는 어떻게 세상을 읽는가’를 주제로 AI가 정보를 이해하는 원리를 쉽고 흥미롭게 소개했다.  
 
□ 이 원장은 컴퓨터가 문자와 사진, 소리 등",False,,보도자료 > 주메뉴 > Delete Article!,불충분형
r2da8d197bc,https://www.mohw.go.kr/menu.es?mid=a10106000000,"전체 < 보건복지 모바일앱 종합안내 < 정보공개 : 힘이 되는 평생 친구, 보건복지부",True,https://www.mohw.go.kr/galleryThumbView.es?bid=CNT&list_no=378719,2da8d197bc8e52d4.es,,복지위기알림 Android IOS 금연길라잡이 Android IOS 사회서비스전자바우처 결제앱 Android 사회서비스전자바우처 Android 치매체크 Android IOS 아이마중 Android IOS 복지로 Android IOS 129보건복지부 Android IOS 나의 건강기록 Android IOS,False,,보건복지 모바일앱 종합안내,불충분형
r340fe02eac,https://www.mohw.go.kr/menu.es?mid=a10205020000,"신고내용확인(19.11.21 이전) < 부정청탁 및 금품 등 수수 신고 < 민원 : 힘이 되는 평생 친구, 보건복지부",True,https://www.mohw.go.kr/kor/img/minwon/name_chk_icon_01.png,340fe02eace804aa.png,,휴대폰 본인인증 본인명의로 가입된 이동전화(휴대폰)를 통해 본인임을 확인할 수 있는 인증수단입니다. 휴대폰 본인인증,True,휴대폰 본인인증 본인명의로 가입된 이동전화(휴대폰)를 통해 본인임을 확인할 수 있는 인증수단입니다. 휴대폰 본인인증,신고내용확인(19.11.21 이전) > 통합 간편인증,불충분형
r3b373c53c4,https://www.daegu.go.kr/,대구광역시,True,https://www.daegu.go.kr/cms_images/banner/20230831014957490.png,3b373c53c4aeafea.png,,대구산업경제동향 대구시 유휴재산 대구문화예술 디지털 아카이브 대구통계 신천 시민지킴이단 대구버스정보 대구교통 종합정보 E-BOOK 대구자치 경찰위원회 소통이음 민원공모 홈서비스 대구아동돌봄 대구일자리포털 블록체인 공동활용 아동급식 정보마당 서대구 역세권개발 항공사진 통합플랫폼 대구지도포털 대구안방 시정추진 우수부서 피플人대구 안심하이소 시민건강 놀이터 D-데이터허브 대구 서비스 인구분석 신기술 플랫폼 규제정보포털 바른주차안내 문자서비스 규제개혁 신문고 익명신고 (레드휘슬) 공익제보 시내버스 모니터 대구 음악창의도시 대기오염 문자알림 신청 대구시청 작은도서관 도시브랜드 웹툰 대구 전기차 충전소 비상대피/ 급수시설 주민참여예산,True,익명신고 (레드휘슬),대구시 운영서비스 > #SNS,적절
r3b76bf1ef8,https://www.daegu.go.kr/,대구광역시,True,https://www.daegu.go.kr/cms_images/banner/20230831014335983.png,3b76bf1ef810fe8f.png,,대구산업경제동향 대구시 유휴재산 대구문화예술 디지털 아카이브 대구통계 신천 시민지킴이단 대구버스정보 대구교통 종합정보 E-BOOK 대구자치 경찰위원회 소통이음 민원공모 홈서비스 대구아동돌봄 대구일자리포털 블록체인 공동활용 아동급식 정보마당 서대구 역세권개발 항공사진 통합플랫폼 대구지도포털 대구안방 시정추진 우수부서 피플人대구 안심하이소 시민건강 놀이터 D-데이터허브 대구 서비스 인구분석 신기술 플랫폼 규제정보포털 바른주차안내 문자서비스 규제개혁 신문고 익명신고 (레드휘슬) 공익제보 시내버스 모니터 대구 음악창의도시 대기오염 문자알림 신청 대구시청 작은도서관 도시브랜드 웹툰 대구 전기차 충전소 비상대피/ 급수시설 주민참여예산,True,안심하이소,대구시 운영서비스 > #SNS,적절
r424317ce64,https://www.mohw.go.kr/,"힘이 되는 평생 친구, 보건복지부",True,https://www.mohw.go.kr/galleryThumbView.es?bid=0017&list_no=380374,424317ce642af0ef.es,,국립대학병원을 지역·필수·공공의료의 핵심 거점으로..,True,국립대학병원을 지역·필수·공공의료의 핵심 거점으로..,기관장 X > 팝업존,불충분형
r428f1b4c59,https://www.mohw.go.kr/menu.es?mid=a10107010000,"목록 < 사전정보공표 < 사전정보공표 < 정보공개 : 힘이 되는 평생 친구, 보건복지부",True,https://www.mohw.go.kr/kor/img/infopublic/prior_icon4.png,428f1b4c5969909c.png,,사회복지 전체 복지정책 기초생활보장 자립지원 사회서비스 사회보장위원회 장애인 국민연금,False,,사전정보공표,적절
r46827bd2de,https://www.mohw.go.kr/menu.es?mid=a10314000000,"국민참여이벤트 < 참여 : 힘이 되는 평생 친구, 보건복지부",True,https://www.mohw.go.kr/galleryThumbView.es?bid=0015&list_no=380349,46827bd2de127574.es,,[국민연금공단] 글자 속에 숨겨진 단어를 찾아라! 등록일 2026-08-11,True,[국민연금공단] 글자 속에 숨겨진 단어를 찾아라! 등록일 2026-08-11,국민참여이벤트,불충분형
r4741d9518d,https://www.mohw.go.kr/,"힘이 되는 평생 친구, 보건복지부",True,https://www.mohw.go.kr/kor/img/policy/evaluation/evaluation_thum_10.jpg,4741d9518dea78ff.jpg,,그냥드림 (배고픔엔 증명서가 필요 없습니다.),True,그냥드림 (배고픔엔 증명서가 필요 없습니다.),국민 삶을 바꾼 정책 10 국민삶을바꾼정책10 > 팝업존,불충분형
r49052aa818,https://www.kisti.re.kr/promote/post/publication?t=1638863222231,간행물  | 보고서·간행물  | 한국과학기술정보연구원,True,https://www.kisti.re.kr/fatt/thumbnail/sm_20251106092731907.jpg,49052aa8181509a1.jpg,,No. 148 View. 11988 [과학향기] 2022 과학향기 - 프루티 2025. 11. 06 2022 과학향기 - 프루티.pdf 다운로드 2022 과학향기 - 프루티.pdf 바로보기,False,,간행물 > 전체 > Delete Article!,불충분형
r49b950fb6c,https://www.daegu.go.kr/,대구광역시,True,https://www.daegu.go.kr/cms_images/banner/20250415052532179.png,49b950fb6c6aa875.png,,대구산업경제동향 대구시 유휴재산 대구문화예술 디지털 아카이브 대구통계 신천 시민지킴이단 대구버스정보 대구교통 종합정보 E-BOOK 대구자치 경찰위원회 소통이음 민원공모 홈서비스 대구아동돌봄 대구일자리포털 블록체인 공동활용 아동급식 정보마당 서대구 역세권개발 항공사진 통합플랫폼 대구지도포털 대구안방 시정추진 우수부서 피플人대구 안심하이소 시민건강 놀이터 D-데이터허브 대구 서비스 인구분석 신기술 플랫폼 규제정보포털 바른주차안내 문자서비스 규제개혁 신문고 익명신고 (레드휘슬) 공익제보 시내버스 모니터 대구 음악창의도시 대기오염 문자알림 신청 대구시청 작은도서관 도시브랜드 웹툰 대구 전기차 충전소 비상대피/ 급수시설 주민참여예산,True,신천 시민지킴이단,대구시 운영서비스 > #SNS,적절
r4d4cd6add2,https://www.kisti.re.kr/promote/post/news?t=1638863209511,보도자료  | KISTI 홍보  | 한국과학기술정보연구원,True,https://www.kisti.re.kr/fatt/thumbnail/sm_3f778523c73cdf.jpg,4d4cd6add23bd045.jpg,,"No. 933 View. 87 KISTI, 아시아·태평양·오세아니아 글로벌 연구망 협력 확대 KISTI, 아시아·태평양·오세아니아 글로벌 연구망 협력 확대 
 
- 7개국 참여 APOnet 협력 갱신...최대 400기가급 국제연구망 협력 
 
 
 
 
□ 한국과학기술정보연구원(원장 이식, 이하 KISTI)은 국가과학기술연구망(KREONET*)을 기반으로 아시아·태평양·오세아니아 지역의 연구망 협력을 확대하고, 글로벌 AI 공동연구를 지원하는 초고속 국제 연구망 구축을 본격화한다. 
* KREONET(Korea Research Environment Open NETwork) : 전국 18개 지역망센터를 거점으로 최대 1.2Tbps 전송이 가능한 백본망으로 국제연구망을 통해 전세계 약 30,000여개의 연구네트워크와 연동하고 있음 
 
□ 이를 위해 KISTI는 11일 한국, 미국, 일본, 호주, 뉴질랜드, 싱가포르, 중국 7개국 연구망 기관과 아시아·태평양·오세아니아",False,,보도자료 > 주메뉴 > Delete Article!,불충분형
r55a24e9f74,https://www.mohw.go.kr/menu.es?mid=a10106000000,"전체 < 보건복지 모바일앱 종합안내 < 정보공개 : 힘이 되는 평생 친구, 보건복지부",True,https://www.mohw.go.kr/galleryThumbView.es?bid=CNT&list_no=378740,55a24e9f744d6d65.es,,The건강보험 Android IOS 내 곁에 국민연금 Android IOS 건강e음 Android IOS 응급의료정보제공 Android IOS 채움건강 Android IOS 국립암센터 모바일앱 Android IOS 레드커넥트 Android IOS 자원봉사 VMS Android IOS,False,,보건복지 모바일앱 종합안내,불충분형
r57a1a3e086,https://www.kisti.re.kr/promote/post/publication?t=1638863222231,간행물  | 보고서·간행물  | 한국과학기술정보연구원,True,https://www.kisti.re.kr/fatt/thumbnail/sm_20260420175618386.jpg,57a1a3e086f682a4.jpg,,No. 152 View. 1383 [지식정보인프라] 지식정보인프라 Vol.101 / Spring 2026 2026. 04. 20 지식정보인프라 101호 펼침-홈페이지 게시.pdf 다운로드 지식정보인프라 101호 펼침-홈페이지 게시.pdf 바로보기,False,,간행물 > 전체 > Delete Article!,불충분형
r59cc8f399e,https://www.mohw.go.kr/menu.es?mid=a10314000000,"국민참여이벤트 < 참여 : 힘이 되는 평생 친구, 보건복지부",True,https://www.mohw.go.kr/galleryThumbView.es?bid=0015&list_no=380301,59cc8f399e307523.es,,"[국가아동권리보장원] 1년 365일, 아동의 권리가 존중받는 사회를 위해 여러분의 소중한 목소리를 들려주세요! 등록일 2026-07-28",True,"[국가아동권리보장원] 1년 365일, 아동의 권리가 존중받는 사회를 위해 여러분의 소중한 목소리를 들려주세요! 등록일 2026-07-28",국민참여이벤트,불충분형
r59eb136f85,https://www.mohw.go.kr/menu.es?mid=a10106000000,"전체 < 보건복지 모바일앱 종합안내 < 정보공개 : 힘이 되는 평생 친구, 보건복지부",True,https://www.mohw.go.kr/galleryThumbView.es?bid=CNT&list_no=378769,59eb136f8528850e.es,,The건강보험 Android IOS 내 곁에 국민연금 Android IOS 건강e음 Android IOS 응급의료정보제공 Android IOS 채움건강 Android IOS 국립암센터 모바일앱 Android IOS 레드커넥트 Android IOS 자원봉사 VMS Android IOS,False,,보건복지 모바일앱 종합안내,적절
r5c08d8148c,https://www.mohw.go.kr/,"힘이 되는 평생 친구, 보건복지부",True,https://www.mohw.go.kr/galleryThumbView.es?bid=0002&list_no=380358,5c08d8148c2df8c7.es,,복지의 기준선이 높아집니다｜2027년 기준 중위소득,True,복지의 기준선이 높아집니다｜2027년 기준 중위소득,영상뉴스 > 팝업존,불충분형
r5d1af17523,https://www.daegu.go.kr/,대구광역시,True,https://www.daegu.go.kr/cms_images/banner/20240801043158451.png,5d1af175239c3f20.png,,대구산업경제동향 대구시 유휴재산 대구문화예술 디지털 아카이브 대구통계 신천 시민지킴이단 대구버스정보 대구교통 종합정보 E-BOOK 대구자치 경찰위원회 소통이음 민원공모 홈서비스 대구아동돌봄 대구일자리포털 블록체인 공동활용 아동급식 정보마당 서대구 역세권개발 항공사진 통합플랫폼 대구지도포털 대구안방 시정추진 우수부서 피플人대구 안심하이소 시민건강 놀이터 D-데이터허브 대구 서비스 인구분석 신기술 플랫폼 규제정보포털 바른주차안내 문자서비스 규제개혁 신문고 익명신고 (레드휘슬) 공익제보 시내버스 모니터 대구 음악창의도시 대기오염 문자알림 신청 대구시청 작은도서관 도시브랜드 웹툰 대구 전기차 충전소 비상대피/ 급수시설 주민참여예산,True,대구자치 경찰위원회,대구시 운영서비스 > #SNS,적절
r5f9bbe66ae,https://www.dong.daegu.kr/,대구광역시 동구청 홈페이지에 오신 것을 환영합니다.,True,https://www.dong.daegu.kr/common/file/img/view.do?atchFileId=E4B35EC6ABF85008A44E4BEE00CA5EEE99B0F5ED2781D9728DB52872E3ED1BD4&fileSn=78F6C76797E0512124C392213D7DC6FF&width=&height=,5f9bbe66aec6e27c.do,,"8·15 광복절, 대구의 민족혼과 계몽의 빛이 깃든 조양회관 #시네마틱동구",True,"8·15 광복절, 대구의 민족혼과 계몽의 빛이 깃든 조양회관 #시네마틱동구",동구미래 제대로 다르게 > 동구 소통 S NS,불충분형
r615b27d631,https://www.daegu.go.kr/,대구광역시,True,https://www.daegu.go.kr/cms_images/banner/20250324024517277.png,615b27d631be7217.png,,대구산업경제동향 대구시 유휴재산 대구문화예술 디지털 아카이브 대구통계 신천 시민지킴이단 대구버스정보 대구교통 종합정보 E-BOOK 대구자치 경찰위원회 소통이음 민원공모 홈서비스 대구아동돌봄 대구일자리포털 블록체인 공동활용 아동급식 정보마당 서대구 역세권개발 항공사진 통합플랫폼 대구지도포털 대구안방 시정추진 우수부서 피플人대구 안심하이소 시민건강 놀이터 D-데이터허브 대구 서비스 인구분석 신기술 플랫폼 규제정보포털 바른주차안내 문자서비스 규제개혁 신문고 익명신고 (레드휘슬) 공익제보 시내버스 모니터 대구 음악창의도시 대기오염 문자알림 신청 대구시청 작은도서관 도시브랜드 웹툰 대구 전기차 충전소 비상대피/ 급수시설 주민참여예산,True,E-BOOK,대구시 운영서비스 > #SNS,적절
r62427a3904,https://www.daegu.go.kr/,대구광역시,True,https://www.daegu.go.kr/cms_images/banner/20230831015228258.png,62427a3904f10355.png,,대구산업경제동향 대구시 유휴재산 대구문화예술 디지털 아카이브 대구통계 신천 시민지킴이단 대구버스정보 대구교통 종합정보 E-BOOK 대구자치 경찰위원회 소통이음 민원공모 홈서비스 대구아동돌봄 대구일자리포털 블록체인 공동활용 아동급식 정보마당 서대구 역세권개발 항공사진 통합플랫폼 대구지도포털 대구안방 시정추진 우수부서 피플人대구 안심하이소 시민건강 놀이터 D-데이터허브 대구 서비스 인구분석 신기술 플랫폼 규제정보포털 바른주차안내 문자서비스 규제개혁 신문고 익명신고 (레드휘슬) 공익제보 시내버스 모니터 대구 음악창의도시 대기오염 문자알림 신청 대구시청 작은도서관 도시브랜드 웹툰 대구 전기차 충전소 비상대피/ 급수시설 주민참여예산,True,대기오염 문자알림 신청,대구시 운영서비스 > #SNS,적절
r63d98e1e52,https://www.daegu.go.kr/,대구광역시,True,https://www.daegu.go.kr/cms_images/banner/20230831014151393.png,63d98e1e529cfb7a.png,,대구산업경제동향 대구시 유휴재산 대구문화예술 디지털 아카이브 대구통계 신천 시민지킴이단 대구버스정보 대구교통 종합정보 E-BOOK 대구자치 경찰위원회 소통이음 민원공모 홈서비스 대구아동돌봄 대구일자리포털 블록체인 공동활용 아동급식 정보마당 서대구 역세권개발 항공사진 통합플랫폼 대구지도포털 대구안방 시정추진 우수부서 피플人대구 안심하이소 시민건강 놀이터 D-데이터허브 대구 서비스 인구분석 신기술 플랫폼 규제정보포털 바른주차안내 문자서비스 규제개혁 신문고 익명신고 (레드휘슬) 공익제보 시내버스 모니터 대구 음악창의도시 대기오염 문자알림 신청 대구시청 작은도서관 도시브랜드 웹툰 대구 전기차 충전소 비상대피/ 급수시설 주민참여예산,True,항공사진 통합플랫폼,대구시 운영서비스 > #SNS,적절
r640ff44c1f,https://www.daegu.go.kr/,대구광역시,True,https://www.daegu.go.kr/cms_images/banner/20250415052434233.png,640ff44c1f907da0.png,,대구산업경제동향 대구시 유휴재산 대구문화예술 디지털 아카이브 대구통계 신천 시민지킴이단 대구버스정보 대구교통 종합정보 E-BOOK 대구자치 경찰위원회 소통이음 민원공모 홈서비스 대구아동돌봄 대구일자리포털 블록체인 공동활용 아동급식 정보마당 서대구 역세권개발 항공사진 통합플랫폼 대구지도포털 대구안방 시정추진 우수부서 피플人대구 안심하이소 시민건강 놀이터 D-데이터허브 대구 서비스 인구분석 신기술 플랫폼 규제정보포털 바른주차안내 문자서비스 규제개혁 신문고 익명신고 (레드휘슬) 공익제보 시내버스 모니터 대구 음악창의도시 대기오염 문자알림 신청 대구시청 작은도서관 도시브랜드 웹툰 대구 전기차 충전소 비상대피/ 급수시설 주민참여예산,True,시내버스 모니터,대구시 운영서비스 > #SNS,적절
r6643961cc3,https://www.daegu.go.kr/,대구광역시,True,https://www.daegu.go.kr/cms_images/banner/20260107093840176.png,6643961cc366e8d8.png,,대구산업경제동향 대구시 유휴재산 대구문화예술 디지털 아카이브 대구통계 신천 시민지킴이단 대구버스정보 대구교통 종합정보 E-BOOK 대구자치 경찰위원회 소통이음 민원공모 홈서비스 대구아동돌봄 대구일자리포털 블록체인 공동활용 아동급식 정보마당 서대구 역세권개발 항공사진 통합플랫폼 대구지도포털 대구안방 시정추진 우수부서 피플人대구 안심하이소 시민건강 놀이터 D-데이터허브 대구 서비스 인구분석 신기술 플랫폼 규제정보포털 바른주차안내 문자서비스 규제개혁 신문고 익명신고 (레드휘슬) 공익제보 시내버스 모니터 대구 음악창의도시 대기오염 문자알림 신청 대구시청 작은도서관 도시브랜드 웹툰 대구 전기차 충전소 비상대피/ 급수시설 주민참여예산,True,대구문화예술 디지털 아카이브,대구시 운영서비스 > #SNS,적절
r687ca24304,https://www.mohw.go.kr/menu.es?mid=a10106000000,"전체 < 보건복지 모바일앱 종합안내 < 정보공개 : 힘이 되는 평생 친구, 보건복지부",True,https://www.mohw.go.kr/galleryThumbView.es?bid=CNT&list_no=378758,687ca243049173f3.es,,The건강보험 Android IOS 내 곁에 국민연금 Android IOS 건강e음 Android IOS 응급의료정보제공 Android IOS 채움건강 Android IOS 국립암센터 모바일앱 Android IOS 레드커넥트 Android IOS 자원봉사 VMS Android IOS,False,,보건복지 모바일앱 종합안내,적절
r6993ed2365,https://www.mohw.go.kr/menu.es?mid=a10107010000,"목록 < 사전정보공표 < 사전정보공표 < 정보공개 : 힘이 되는 평생 친구, 보건복지부",True,https://www.mohw.go.kr/kor/img/infopublic/prior_icon1.png,6993ed2365ac4866.png,,"전체 기관공통 전체 업무계획 예결산 계약체결현황 업무추진비 감사 통계 법령 규정 보건의료 전체 보건의료정책(의료, 한의약, 간호) 공공보건 보건산업 건강보험 필수의료 정신, 건강정책 사회복지 전체 복지정책 기초생활보장 자립지원 사회서비스 사회보장위원회 장애인 국민연금 인구아동 전체 인구출산 아동복지 노인정책 요양보험 통합돌봄",False,,사전정보공표,적절
r699b17cedb,https://www.daegu.go.kr/,대구광역시,True,https://www.daegu.go.kr/cms_images/banner/20240115093120207.png,699b17cedb1aa641.png,,대구산업경제동향 대구시 유휴재산 대구문화예술 디지털 아카이브 대구통계 신천 시민지킴이단 대구버스정보 대구교통 종합정보 E-BOOK 대구자치 경찰위원회 소통이음 민원공모 홈서비스 대구아동돌봄 대구일자리포털 블록체인 공동활용 아동급식 정보마당 서대구 역세권개발 항공사진 통합플랫폼 대구지도포털 대구안방 시정추진 우수부서 피플人대구 안심하이소 시민건강 놀이터 D-데이터허브 대구 서비스 인구분석 신기술 플랫폼 규제정보포털 바른주차안내 문자서비스 규제개혁 신문고 익명신고 (레드휘슬) 공익제보 시내버스 모니터 대구 음악창의도시 대기오염 문자알림 신청 대구시청 작은도서관 도시브랜드 웹툰 대구 전기차 충전소 비상대피/ 급수시설 주민참여예산,True,민원공모 홈서비스,대구시 운영서비스 > #SNS,적절
r6cafa6b71f,https://www.daegu.go.kr/,대구광역시,True,https://www.daegu.go.kr/cms_images/banner/20230831014034220.png,6cafa6b71f52558a.png,,대구산업경제동향 대구시 유휴재산 대구문화예술 디지털 아카이브 대구통계 신천 시민지킴이단 대구버스정보 대구교통 종합정보 E-BOOK 대구자치 경찰위원회 소통이음 민원공모 홈서비스 대구아동돌봄 대구일자리포털 블록체인 공동활용 아동급식 정보마당 서대구 역세권개발 항공사진 통합플랫폼 대구지도포털 대구안방 시정추진 우수부서 피플人대구 안심하이소 시민건강 놀이터 D-데이터허브 대구 서비스 인구분석 신기술 플랫폼 규제정보포털 바른주차안내 문자서비스 규제개혁 신문고 익명신고 (레드휘슬) 공익제보 시내버스 모니터 대구 음악창의도시 대기오염 문자알림 신청 대구시청 작은도서관 도시브랜드 웹툰 대구 전기차 충전소 비상대피/ 급수시설 주민참여예산,True,아동급식 정보마당,대구시 운영서비스 > #SNS,적절
r6f96819d13,https://www.dong.daegu.kr/,대구광역시 동구청 홈페이지에 오신 것을 환영합니다.,True,https://www.dong.daegu.kr/common/file/img/view.do?atchFileId=E4B35EC6ABF85008A44E4BEE00CA5EEE7519E52699F7188AD060A2A56FAF3E1C&fileSn=78F6C76797E0512124C392213D7DC6FF&width=&height=,6f96819d13a5746b.do,,"사계절 내내 즐기는 최고의 은빛 겨울왕국, 대구 제2빙상장 전격 분석! l 찾아라 동구핫플 EP.16",True,"사계절 내내 즐기는 최고의 은빛 겨울왕국, 대구 제2빙상장 전격 분석! l 찾아라 동구핫플 EP.16",동구미래 제대로 다르게 > 동구 소통 S NS,적절
r7937377a29,https://www.mohw.go.kr/menu.es?mid=a10106000000,"전체 < 보건복지 모바일앱 종합안내 < 정보공개 : 힘이 되는 평생 친구, 보건복지부",True,https://www.mohw.go.kr/galleryThumbView.es?bid=CNT&list_no=378777,7937377a296d5231.es,,복지위기알림 Android IOS 금연길라잡이 Android IOS 사회서비스전자바우처 결제앱 Android 사회서비스전자바우처 Android 치매체크 Android IOS 아이마중 Android IOS 복지로 Android IOS 129보건복지부 Android IOS 나의 건강기록 Android IOS,False,,보건복지 모바일앱 종합안내,적절
r7987d85ff6,https://www.mohw.go.kr/menu.es?mid=a10106000000,"전체 < 보건복지 모바일앱 종합안내 < 정보공개 : 힘이 되는 평생 친구, 보건복지부",True,https://www.mohw.go.kr/galleryThumbView.es?bid=CNT&list_no=378721,7987d85ff6fbeee7.es,,The건강보험 Android IOS 내 곁에 국민연금 Android IOS 건강e음 Android IOS 응급의료정보제공 Android IOS 채움건강 Android IOS 국립암센터 모바일앱 Android IOS 레드커넥트 Android IOS 자원봉사 VMS Android IOS,False,,보건복지 모바일앱 종합안내,적절
r79998b4331,https://www.daegu.go.kr/,대구광역시,True,https://www.daegu.go.kr/cms_images/banner/20230831014316968.png,79998b4331d066e2.png,,대구산업경제동향 대구시 유휴재산 대구문화예술 디지털 아카이브 대구통계 신천 시민지킴이단 대구버스정보 대구교통 종합정보 E-BOOK 대구자치 경찰위원회 소통이음 민원공모 홈서비스 대구아동돌봄 대구일자리포털 블록체인 공동활용 아동급식 정보마당 서대구 역세권개발 항공사진 통합플랫폼 대구지도포털 대구안방 시정추진 우수부서 피플人대구 안심하이소 시민건강 놀이터 D-데이터허브 대구 서비스 인구분석 신기술 플랫폼 규제정보포털 바른주차안내 문자서비스 규제개혁 신문고 익명신고 (레드휘슬) 공익제보 시내버스 모니터 대구 음악창의도시 대기오염 문자알림 신청 대구시청 작은도서관 도시브랜드 웹툰 대구 전기차 충전소 비상대피/ 급수시설 주민참여예산,True,피플人대구,대구시 운영서비스 > #SNS,적절
r7a9e3ca740,https://www.mohw.go.kr/,"힘이 되는 평생 친구, 보건복지부",True,https://www.mohw.go.kr/kor/img/policy/evaluation/evaluation_thum_02.jpg,7a9e3ca7407f9a30.jpg,,"국민연금제도 개선 (평생소득 안전망, 국민연금)",True,"국민연금제도 개선 (평생소득 안전망, 국민연금)",국민 삶을 바꾼 정책 10 국민삶을바꾼정책10 > 팝업존,불충분형
r7b34a75688,https://www.dong.daegu.kr/,대구광역시 동구청 홈페이지에 오신 것을 환영합니다.,True,https://www.dong.daegu.kr/portal/img/main/quick_bg02.png,7b34a75688be181a.png,,자 주 찾 는 서비스 주민들께 보다 나은 편리함을 제공합니다.,False,,동구미래 제대로 다르게 > 동구 STORY 동구의 이야기를 들어보세요.,적절
r7db35e4921,https://www.mohw.go.kr/,"힘이 되는 평생 친구, 보건복지부",True,https://www.mohw.go.kr/galleryThumbView.es?bid=0017&list_no=380375,7db35e4921e04b16.es,,K-뷰티 세계 1위 도약 위해 연구·개발부터 수출까지 ..,True,K-뷰티 세계 1위 도약 위해 연구·개발부터 수출까지 ..,기관장 X > 팝업존,불충분형
r7e0a51bdb8,https://www.mohw.go.kr/menu.es?mid=a10106000000,"전체 < 보건복지 모바일앱 종합안내 < 정보공개 : 힘이 되는 평생 친구, 보건복지부",True,https://www.mohw.go.kr/galleryThumbView.es?bid=CNT&list_no=378745,7e0a51bdb8a5a616.es,,복지위기알림 Android IOS 금연길라잡이 Android IOS 사회서비스전자바우처 결제앱 Android 사회서비스전자바우처 Android 치매체크 Android IOS 아이마중 Android IOS 복지로 Android IOS 129보건복지부 Android IOS 나의 건강기록 Android IOS,False,,보건복지 모바일앱 종합안내,적절
r7f905d4ee5,https://www.kisti.re.kr/promote/post/publication?t=1638863222231,간행물  | 보고서·간행물  | 한국과학기술정보연구원,True,https://www.kisti.re.kr/fatt/thumbnail/sm_20251106092901288.jpg,7f905d4ee55a2580.jpg,,No. 149 View. 12537 [과학향기] 2023 과학향기 - 시트러스 2025. 11. 06 2023 과학향기 - 시트러스.pdf 다운로드 2023 과학향기 - 시트러스.pdf 바로보기,False,,간행물 > 전체 > Delete Article!,적절
r85f7a5de21,https://www.daegu.go.kr/,대구광역시,True,https://www.daegu.go.kr/cms_images/banner/20230831014049680.png,85f7a5de219d965a.png,,대구산업경제동향 대구시 유휴재산 대구문화예술 디지털 아카이브 대구통계 신천 시민지킴이단 대구버스정보 대구교통 종합정보 E-BOOK 대구자치 경찰위원회 소통이음 민원공모 홈서비스 대구아동돌봄 대구일자리포털 블록체인 공동활용 아동급식 정보마당 서대구 역세권개발 항공사진 통합플랫폼 대구지도포털 대구안방 시정추진 우수부서 피플人대구 안심하이소 시민건강 놀이터 D-데이터허브 대구 서비스 인구분석 신기술 플랫폼 규제정보포털 바른주차안내 문자서비스 규제개혁 신문고 익명신고 (레드휘슬) 공익제보 시내버스 모니터 대구 음악창의도시 대기오염 문자알림 신청 대구시청 작은도서관 도시브랜드 웹툰 대구 전기차 충전소 비상대피/ 급수시설 주민참여예산,True,서대구 역세권개발,대구시 운영서비스 > #SNS,적절
r869412d00c,https://www.daegu.go.kr/,대구광역시,True,https://www.daegu.go.kr/cms_images/banner/20250414045808526.png,869412d00cfe6445.png,,대구산업경제동향 대구시 유휴재산 대구문화예술 디지털 아카이브 대구통계 신천 시민지킴이단 대구버스정보 대구교통 종합정보 E-BOOK 대구자치 경찰위원회 소통이음 민원공모 홈서비스 대구아동돌봄 대구일자리포털 블록체인 공동활용 아동급식 정보마당 서대구 역세권개발 항공사진 통합플랫폼 대구지도포털 대구안방 시정추진 우수부서 피플人대구 안심하이소 시민건강 놀이터 D-데이터허브 대구 서비스 인구분석 신기술 플랫폼 규제정보포털 바른주차안내 문자서비스 규제개혁 신문고 익명신고 (레드휘슬) 공익제보 시내버스 모니터 대구 음악창의도시 대기오염 문자알림 신청 대구시청 작은도서관 도시브랜드 웹툰 대구 전기차 충전소 비상대피/ 급수시설 주민참여예산,True,대구버스정보,대구시 운영서비스 > #SNS,적절
r8d31dd60fc,https://www.mohw.go.kr/menu.es?mid=a10106000000,"전체 < 보건복지 모바일앱 종합안내 < 정보공개 : 힘이 되는 평생 친구, 보건복지부",True,https://www.mohw.go.kr/galleryThumbView.es?bid=CNT&list_no=378779,8d31dd60fc23e025.es,,자원봉사 VMS Android IOS,False,,보건복지 모바일앱 종합안내,적절
r8d6091058d,https://www.daegu.go.kr/,대구광역시,True,https://www.daegu.go.kr/cms_images/banner/20230831014409404.png,8d6091058dd3f312.png,,대구산업경제동향 대구시 유휴재산 대구문화예술 디지털 아카이브 대구통계 신천 시민지킴이단 대구버스정보 대구교통 종합정보 E-BOOK 대구자치 경찰위원회 소통이음 민원공모 홈서비스 대구아동돌봄 대구일자리포털 블록체인 공동활용 아동급식 정보마당 서대구 역세권개발 항공사진 통합플랫폼 대구지도포털 대구안방 시정추진 우수부서 피플人대구 안심하이소 시민건강 놀이터 D-데이터허브 대구 서비스 인구분석 신기술 플랫폼 규제정보포털 바른주차안내 문자서비스 규제개혁 신문고 익명신고 (레드휘슬) 공익제보 시내버스 모니터 대구 음악창의도시 대기오염 문자알림 신청 대구시청 작은도서관 도시브랜드 웹툰 대구 전기차 충전소 비상대피/ 급수시설 주민참여예산,True,D-데이터허브,대구시 운영서비스 > #SNS,적절
r8da9de6bda,https://www.daegu.go.kr/,대구광역시,True,https://www.daegu.go.kr/cms_images/banner/20230831015035856.png,8da9de6bda0b7379.png,,대구산업경제동향 대구시 유휴재산 대구문화예술 디지털 아카이브 대구통계 신천 시민지킴이단 대구버스정보 대구교통 종합정보 E-BOOK 대구자치 경찰위원회 소통이음 민원공모 홈서비스 대구아동돌봄 대구일자리포털 블록체인 공동활용 아동급식 정보마당 서대구 역세권개발 항공사진 통합플랫폼 대구지도포털 대구안방 시정추진 우수부서 피플人대구 안심하이소 시민건강 놀이터 D-데이터허브 대구 서비스 인구분석 신기술 플랫폼 규제정보포털 바른주차안내 문자서비스 규제개혁 신문고 익명신고 (레드휘슬) 공익제보 시내버스 모니터 대구 음악창의도시 대기오염 문자알림 신청 대구시청 작은도서관 도시브랜드 웹툰 대구 전기차 충전소 비상대피/ 급수시설 주민참여예산,True,공익제보,대구시 운영서비스 > #SNS,적절
r900b53eba4,https://www.mohw.go.kr/menu.es?mid=a10106000000,"전체 < 보건복지 모바일앱 종합안내 < 정보공개 : 힘이 되는 평생 친구, 보건복지부",True,https://www.mohw.go.kr/galleryThumbView.es?bid=CNT&list_no=378729,900b53eba446ec1d.es,,내 곁에 국민연금 Android IOS,False,,보건복지 모바일앱 종합안내,불충분형
r905e2e384c,https://www.mohw.go.kr/menu.es?mid=a10314000000,"국민참여이벤트 < 참여 : 힘이 되는 평생 친구, 보건복지부",True,https://www.mohw.go.kr/galleryThumbView.es?bid=0015&list_no=380245,905e2e384cac569c.es,,[한국장애인개발원] 2026 AI를 활용한 장애인식개선 동화 공모전 대국민 투표! 등록일 2026-07-13,True,[한국장애인개발원] 2026 AI를 활용한 장애인식개선 동화 공모전 대국민 투표! 등록일 2026-07-13,국민참여이벤트,불충분형
r911972bcc1,https://www.kisti.re.kr/promote/post/publication?t=1638863222231,간행물  | 보고서·간행물  | 한국과학기술정보연구원,True,https://www.kisti.re.kr/fatt/thumbnail/sm_20260119161825598.jpg,911972bcc17d27a1.jpg,,No. 151 View. 3949 [지식정보인프라] 지식정보인프라 Vol.100  /  Winter 2025 2026. 01. 19 2.지식정보인프라(100호)_펼친면.pdf 다운로드 2.지식정보인프라(100호)_펼친면.pdf 바로보기,False,,간행물 > 전체 > Delete Article!,불충분형
r91fd435d3f,https://www.daegu.go.kr/,대구광역시,True,https://www.daegu.go.kr/cms_images/banner/20230831015303216.png,91fd435d3fe44a39.png,,대구산업경제동향 대구시 유휴재산 대구문화예술 디지털 아카이브 대구통계 신천 시민지킴이단 대구버스정보 대구교통 종합정보 E-BOOK 대구자치 경찰위원회 소통이음 민원공모 홈서비스 대구아동돌봄 대구일자리포털 블록체인 공동활용 아동급식 정보마당 서대구 역세권개발 항공사진 통합플랫폼 대구지도포털 대구안방 시정추진 우수부서 피플人대구 안심하이소 시민건강 놀이터 D-데이터허브 대구 서비스 인구분석 신기술 플랫폼 규제정보포털 바른주차안내 문자서비스 규제개혁 신문고 익명신고 (레드휘슬) 공익제보 시내버스 모니터 대구 음악창의도시 대기오염 문자알림 신청 대구시청 작은도서관 도시브랜드 웹툰 대구 전기차 충전소 비상대피/ 급수시설 주민참여예산,True,대구 음악창의도시,대구시 운영서비스 > #SNS,적절
r978022a7ac,https://www.mohw.go.kr/menu.es?mid=a10314000000,"국민참여이벤트 < 참여 : 힘이 되는 평생 친구, 보건복지부",True,https://www.mohw.go.kr/galleryThumbView.es?bid=0015&list_no=380302,978022a7ac0b32b7.es,,"[국가아동권리보장원] 오늘도 내일도, 365일 아동의 날! 아동의 권리와 참여가 일상이 되는 사회를 응원하기 위한 댄스챌린지에 함께해 주세요! 등록일 2026-07-28",True,"[국가아동권리보장원] 오늘도 내일도, 365일 아동의 날! 아동의 권리와 참여가 일상이 되는 사회를 응원하기 위한 댄스챌린지에 함께해 주세요! 등록일 2026-07-28",국민참여이벤트,불충분형
r998bc73524,https://www.mohw.go.kr/menu.es?mid=a10314000000,"국민참여이벤트 < 참여 : 힘이 되는 평생 친구, 보건복지부",True,https://www.mohw.go.kr/galleryThumbView.es?bid=0015&list_no=380318,998bc73524ae4d45.es,,[대한적십자사] 8월 헌혈 인증 이벤트 등록일 2026-08-04,True,[대한적십자사] 8월 헌혈 인증 이벤트 등록일 2026-08-04,국민참여이벤트,불충분형
ra2eba62c71,https://www.daegu.go.kr/,대구광역시,True,https://www.daegu.go.kr/cms_images/banner/20231220044048580.png,a2eba62c71ef9f97.png,,대구산업경제동향 대구시 유휴재산 대구문화예술 디지털 아카이브 대구통계 신천 시민지킴이단 대구버스정보 대구교통 종합정보 E-BOOK 대구자치 경찰위원회 소통이음 민원공모 홈서비스 대구아동돌봄 대구일자리포털 블록체인 공동활용 아동급식 정보마당 서대구 역세권개발 항공사진 통합플랫폼 대구지도포털 대구안방 시정추진 우수부서 피플人대구 안심하이소 시민건강 놀이터 D-데이터허브 대구 서비스 인구분석 신기술 플랫폼 규제정보포털 바른주차안내 문자서비스 규제개혁 신문고 익명신고 (레드휘슬) 공익제보 시내버스 모니터 대구 음악창의도시 대기오염 문자알림 신청 대구시청 작은도서관 도시브랜드 웹툰 대구 전기차 충전소 비상대피/ 급수시설 주민참여예산,True,대구아동돌봄,대구시 운영서비스 > #SNS,적절
ra79e9d9901,https://www.daegu.go.kr/,대구광역시,True,https://www.daegu.go.kr/cms_images/banner/20230831014723773.png,a79e9d9901d42a82.png,,대구산업경제동향 대구시 유휴재산 대구문화예술 디지털 아카이브 대구통계 신천 시민지킴이단 대구버스정보 대구교통 종합정보 E-BOOK 대구자치 경찰위원회 소통이음 민원공모 홈서비스 대구아동돌봄 대구일자리포털 블록체인 공동활용 아동급식 정보마당 서대구 역세권개발 항공사진 통합플랫폼 대구지도포털 대구안방 시정추진 우수부서 피플人대구 안심하이소 시민건강 놀이터 D-데이터허브 대구 서비스 인구분석 신기술 플랫폼 규제정보포털 바른주차안내 문자서비스 규제개혁 신문고 익명신고 (레드휘슬) 공익제보 시내버스 모니터 대구 음악창의도시 대기오염 문자알림 신청 대구시청 작은도서관 도시브랜드 웹툰 대구 전기차 충전소 비상대피/ 급수시설 주민참여예산,True,규제정보포털,대구시 운영서비스 > #SNS,적절
raa117ef38c,https://www.mohw.go.kr/menu.es?mid=a10107010000,"목록 < 사전정보공표 < 사전정보공표 < 정보공개 : 힘이 되는 평생 친구, 보건복지부",True,https://www.mohw.go.kr/kor/img/infopublic/prior_icon3.png,aa117ef38c18f050.png,,"보건의료 전체 보건의료정책(의료, 한의약, 간호) 공공보건 보건산업 건강보험 필수의료 정신, 건강정책",False,,사전정보공표,적절
rae4bd99961,https://www.daegu.go.kr/,대구광역시,True,https://www.daegu.go.kr/cms_images/banner/20230831014222499.png,ae4bd999616d97ab.png,,대구산업경제동향 대구시 유휴재산 대구문화예술 디지털 아카이브 대구통계 신천 시민지킴이단 대구버스정보 대구교통 종합정보 E-BOOK 대구자치 경찰위원회 소통이음 민원공모 홈서비스 대구아동돌봄 대구일자리포털 블록체인 공동활용 아동급식 정보마당 서대구 역세권개발 항공사진 통합플랫폼 대구지도포털 대구안방 시정추진 우수부서 피플人대구 안심하이소 시민건강 놀이터 D-데이터허브 대구 서비스 인구분석 신기술 플랫폼 규제정보포털 바른주차안내 문자서비스 규제개혁 신문고 익명신고 (레드휘슬) 공익제보 시내버스 모니터 대구 음악창의도시 대기오염 문자알림 신청 대구시청 작은도서관 도시브랜드 웹툰 대구 전기차 충전소 비상대피/ 급수시설 주민참여예산,True,시정추진 우수부서,대구시 운영서비스 > #SNS,적절
rb0aae43f67,https://www.daegu.go.kr/,대구광역시,True,https://www.daegu.go.kr/cms_images/banner/20230831015412586.png,b0aae43f672fae10.png,,대구산업경제동향 대구시 유휴재산 대구문화예술 디지털 아카이브 대구통계 신천 시민지킴이단 대구버스정보 대구교통 종합정보 E-BOOK 대구자치 경찰위원회 소통이음 민원공모 홈서비스 대구아동돌봄 대구일자리포털 블록체인 공동활용 아동급식 정보마당 서대구 역세권개발 항공사진 통합플랫폼 대구지도포털 대구안방 시정추진 우수부서 피플人대구 안심하이소 시민건강 놀이터 D-데이터허브 대구 서비스 인구분석 신기술 플랫폼 규제정보포털 바른주차안내 문자서비스 규제개혁 신문고 익명신고 (레드휘슬) 공익제보 시내버스 모니터 대구 음악창의도시 대기오염 문자알림 신청 대구시청 작은도서관 도시브랜드 웹툰 대구 전기차 충전소 비상대피/ 급수시설 주민참여예산,True,도시브랜드 웹툰,대구시 운영서비스 > #SNS,적절
rb4c06bcbbc,https://www.daegu.go.kr/,대구광역시,True,https://www.daegu.go.kr/cms_images/banner/20230831014015263.png,b4c06bcbbc421c30.png,,대구산업경제동향 대구시 유휴재산 대구문화예술 디지털 아카이브 대구통계 신천 시민지킴이단 대구버스정보 대구교통 종합정보 E-BOOK 대구자치 경찰위원회 소통이음 민원공모 홈서비스 대구아동돌봄 대구일자리포털 블록체인 공동활용 아동급식 정보마당 서대구 역세권개발 항공사진 통합플랫폼 대구지도포털 대구안방 시정추진 우수부서 피플人대구 안심하이소 시민건강 놀이터 D-데이터허브 대구 서비스 인구분석 신기술 플랫폼 규제정보포털 바른주차안내 문자서비스 규제개혁 신문고 익명신고 (레드휘슬) 공익제보 시내버스 모니터 대구 음악창의도시 대기오염 문자알림 신청 대구시청 작은도서관 도시브랜드 웹툰 대구 전기차 충전소 비상대피/ 급수시설 주민참여예산,True,대구일자리포털,대구시 운영서비스 > #SNS,적절
rb5ae6b2f23,https://www.mohw.go.kr/menu.es?mid=a10107010000,"목록 < 사전정보공표 < 사전정보공표 < 정보공개 : 힘이 되는 평생 친구, 보건복지부",True,https://www.mohw.go.kr/upload/skin/board/basic/xls.png,b5ae6b2f23bc9a47.png,,총 게시물 409 페이지 1 / 41 엑셀파일 다운로드,True,엑셀파일 다운로드,사전정보공표,적절
rb70a9e57b7,https://www.daegu.go.kr/,대구광역시,True,https://www.daegu.go.kr/cms_images/banner/20250324024744509.png,b70a9e57b7c36973.png,,대구산업경제동향 대구시 유휴재산 대구문화예술 디지털 아카이브 대구통계 신천 시민지킴이단 대구버스정보 대구교통 종합정보 E-BOOK 대구자치 경찰위원회 소통이음 민원공모 홈서비스 대구아동돌봄 대구일자리포털 블록체인 공동활용 아동급식 정보마당 서대구 역세권개발 항공사진 통합플랫폼 대구지도포털 대구안방 시정추진 우수부서 피플人대구 안심하이소 시민건강 놀이터 D-데이터허브 대구 서비스 인구분석 신기술 플랫폼 규제정보포털 바른주차안내 문자서비스 규제개혁 신문고 익명신고 (레드휘슬) 공익제보 시내버스 모니터 대구 음악창의도시 대기오염 문자알림 신청 대구시청 작은도서관 도시브랜드 웹툰 대구 전기차 충전소 비상대피/ 급수시설 주민참여예산,True,대구안방,대구시 운영서비스 > #SNS,적절
rba0883def0,https://www.kisti.re.kr/promote/post/news?t=1638863209511,보도자료  | KISTI 홍보  | 한국과학기술정보연구원,True,https://www.kisti.re.kr/fatt/thumbnail/sm_3f565894c6eeb2.jpg,ba0883def006e4ff.jpg,,"No. 927 View. 18361 KISTI, 부산 AX 협의체 출범…지역 산업 인공지능전환 지원 확대 본격화 KISTI, 부산 AX 협의체 출범…지역 산업 인공지능전환 지원 확대 본격화

- KISTI·부산대 등 7개 기관, 인공지능전환(AX) 협의체 업무협약 체결
- 제1회 AX 확산 포럼 개최로 산업현장 AI 활용역량 강화


□ 한국과학기술정보연구원(KISTI, 원장 이식)은 6월 26일 부산 농심호텔에서 ‘부산 AX 협의체’ 업무협약(MOU)을 체결하고, 지역 산업의 인공지능(AI) 활용역량 강화를 위한 ‘제1회 AX 확산 포럼’을 개최하였다.

□ 부산 AX 협의체는 KISTI 부산울산경남지원, 한국산업단지공단 부산지역본부, (사)부산벤처기업협회(BUVA), 부산창조경제혁신센터, 부산대학교 창업지원단, 부산대학교 앵커사업단, 부산대학교 기술지주(주)로 구성되었으며, AX 인프라를 공유해 AX 지원 범위 확대를 목적으로 한다.

□ 부산 AX 협의체는 다",False,,보도자료 > 주메뉴 > Delete Article!,불충분형
rc0394af335,https://www.daegu.go.kr/,대구광역시,True,https://www.daegu.go.kr/cms_images/banner/20230831015445092.png,c0394af33514ebb1.png,,대구산업경제동향 대구시 유휴재산 대구문화예술 디지털 아카이브 대구통계 신천 시민지킴이단 대구버스정보 대구교통 종합정보 E-BOOK 대구자치 경찰위원회 소통이음 민원공모 홈서비스 대구아동돌봄 대구일자리포털 블록체인 공동활용 아동급식 정보마당 서대구 역세권개발 항공사진 통합플랫폼 대구지도포털 대구안방 시정추진 우수부서 피플人대구 안심하이소 시민건강 놀이터 D-데이터허브 대구 서비스 인구분석 신기술 플랫폼 규제정보포털 바른주차안내 문자서비스 규제개혁 신문고 익명신고 (레드휘슬) 공익제보 시내버스 모니터 대구 음악창의도시 대기오염 문자알림 신청 대구시청 작은도서관 도시브랜드 웹툰 대구 전기차 충전소 비상대피/ 급수시설 주민참여예산,True,대구 전기차 충전소,대구시 운영서비스 > #SNS,적절
rc0a498b456,https://www.kisti.re.kr/promote/post/news?t=1638863209511,보도자료  | KISTI 홍보  | 한국과학기술정보연구원,True,https://www.kisti.re.kr/fatt/thumbnail/sm_3f775bc5158f6c.jpg,c0a498b45681a551.jpg,,"No. 932 View. 96 KISTI-한강홍수통제소 도시침수예보 고도화 업무협약, 과학기술로 도시침수예보 고도화한다 KISTI-한강홍수통제소 도시침수예보 고도화 업무협약, 과학기술로 도시침수예보 고도화한다

- 도시침수 예측부터 상황인지·의사결정 지원까지…현장 작동 중심 지능형 예보 체계 구축 
 
 
 
□ 한국과학기술정보연구원(원장 이식, 이하 KISTI)은 기후에너지환경부 소속 한강홍수통제소(소장 김구범)와 8월 11일 KISTI 본원에서 도시침수예보체계 고도화를 위한 업무협약을 체결했다. 
 
□ 이번 협약은 KISTI가 보유한 국가 슈퍼컴퓨팅 인프라와 데이터·인공지능 분석 역량을 한강홍수통제소의 도시침수예보 운영 전문성과 연계해 도시침수 대응기술의 현장 적용과 예보체계를 고도화하기 위해 마련됐다. 
 
□ KISTI 지능형 현안해결지원플랫폼 ‘ShieldON’과 인공지능·고성능컴퓨팅 기반 요소기술을 실제 도시침수예보 업무와 연계하고, 기술의 정확도와 안",False,,보도자료 > 주메뉴 > Delete Article!,불충분형
rc127fa05a5,https://www.mohw.go.kr/menu.es?mid=a10314000000,"국민참여이벤트 < 참여 : 힘이 되는 평생 친구, 보건복지부",True,https://www.mohw.go.kr/galleryThumbView.es?bid=0015&list_no=380371,c127fa05a51fe4af.es,,새글 [한국장기조직기증원] 물놀이 안전수칙 지키기 댓글 이벤트 등록일 2026-08-18,True,새글 [한국장기조직기증원] 물놀이 안전수칙 지키기 댓글 이벤트 등록일 2026-08-18,국민참여이벤트,불충분형
rc3ca252c1d,https://www.daegu.go.kr/,대구광역시,True,https://www.daegu.go.kr/cms_images/banner/20240122034833779.png,c3ca252c1d1afe99.png,,대구산업경제동향 대구시 유휴재산 대구문화예술 디지털 아카이브 대구통계 신천 시민지킴이단 대구버스정보 대구교통 종합정보 E-BOOK 대구자치 경찰위원회 소통이음 민원공모 홈서비스 대구아동돌봄 대구일자리포털 블록체인 공동활용 아동급식 정보마당 서대구 역세권개발 항공사진 통합플랫폼 대구지도포털 대구안방 시정추진 우수부서 피플人대구 안심하이소 시민건강 놀이터 D-데이터허브 대구 서비스 인구분석 신기술 플랫폼 규제정보포털 바른주차안내 문자서비스 규제개혁 신문고 익명신고 (레드휘슬) 공익제보 시내버스 모니터 대구 음악창의도시 대기오염 문자알림 신청 대구시청 작은도서관 도시브랜드 웹툰 대구 전기차 충전소 비상대피/ 급수시설 주민참여예산,True,소통이음,대구시 운영서비스 > #SNS,적절
rc5adfb2a3c,https://www.djjunggu.go.kr/bbs/BBSMSTR_000000000456/view.do?nttId=B000000227845Fo0dS8,"게시판 >재난안전과 >실과별안내  >중구소개  >
    대전광역시 중구청",True,https://www.djjunggu.go.kr/crosseditor/binary/images/000052/20260805131030900_JNDSZJV5.png,c5adfb2a3c19b021.png,,건설 및 발주 현장 폭염대비 온열질환 예방수칙 안내 작성자 재난안전과 조회수 152 등록일 2026-08-05,False,,건설 및 발주 현장 폭염대비 온열질환 예방수칙 안내,불충분형
rc74132eb5f,https://www.mohw.go.kr/,"힘이 되는 평생 친구, 보건복지부",True,https://www.mohw.go.kr/galleryThumbView.es?bid=0005&list_no=380342,c74132eb5fb3e10c.es,,함께해요 을지연습! 든든한 대한민국 2026.08.10,True,함께해요 을지연습! 든든한 대한민국,카드뉴스 > 팝업존,불충분형
rc748b2fae7,https://www.kisti.re.kr/promote/post/publication?t=1638863222231,간행물  | 보고서·간행물  | 한국과학기술정보연구원,True,https://www.kisti.re.kr/fatt/thumbnail/sm_20251218151019210.jpg,c748b2fae7b0c2ce.jpg,,No. 150 View. 6185 [과학향기] 2025 과학향기 - 트로피컬 2025. 12. 18 2025 과학향기 - 트로피컬.pdf 다운로드 2025 과학향기 - 트로피컬.pdf 바로보기,False,,간행물 > 전체 > Delete Article!,적절
r67f5b0c9ee,https://www.dong.daegu.kr/portal/contents.do?mid=0706011100,"2025.8.29 ~ 현재 

	
	
		
			| 개인정보처리방침
			
		
	
		
			| 개인정보처리방침
			
		
	
		
			| 이용안내
			
		
	
		
	
		
	
	| 대구광역시 동구청 홈페이지",True,https://www.dong.daegu.kr/portal/img/common/4j.png,67f5b0c9eee472ed.png,개인정보처리 아이콘 이미지,제1조 (개인정보의 처리목적) 제9조 (개인정보 보호책임자),True,제9조 (개인정보 보호책임자),동구미래 제대로 다르게 > 2025.8.29 ~ 현재 > 목차,장식오용형
r1ad73c6444,https://www.nl.go.kr/NL,국립중앙도서관,False,https://www.nl.go.kr/afile/previewThumbnail/26072443043PgX19,1ad73c6444d14010,그래서 지금 기분은 어때요? : 불안장애를 겪은 심리치료사의 상담 일지,사서 추천 도서 자세히보기 이전 다음,True,/NL/contents/N20500000000.do?schM=view&recomNo=20260724105944639100,국립중앙도서관 > 오늘의 선택 > 사서 추천 도서,적절
r27c7fcecf2,https://www.nl.go.kr/NL/contents/search.do?detailSearch=true&gu2=kdc&guCode2=013&infoTxt=%EC%A3%BC%EC%A0%9C%EC%96%B4%7C%EC%B6%9C%ED%8C%90+%EB%B0%8F++%ED%8C%90%EB%A7%A4&sort=iregdate&desc=desc&pageSize=30,국립중앙도서관>통합검색>소장자료 검색결과,False,http://cover.nl.go.kr/kolis/2010/KMO201002588_thumbnail.jpg,27c7fcecf2c5d727.jpg,표지이미지,"2. 도서 책제목 : 동아시아 출판문화사 연구. 1. 17세기 한·중·일 출판문화 비교 지은이: 부길만, 황지영 오름 2009 청구기호 : 013.91-10-1-1 자료이용 : 서고자료대출반납(4층) 목차",False,,국립중앙도서관 > 검색어 자동완성 목록,무의미형
r83ad030b59,https://www.dong.daegu.kr/japanese/main.do,大邱広域市東区へようこそ。,False,https://www.dong.daegu.kr/japanese/img/common/logo_eng.png,83ad030b59429722.png,DONG-GU Daegu Metropolitan City,"207 Ayang-ro(36-1 Sinam-dong), Dong-gu, Daegu 41185, Republic of Korea Tel. +82-53-662-2000 Mail. seminaa@korea.kr",False,,文化/観光,불충분형
r0c1d73b568,https://www.nl.go.kr/NL/contents/search.do?detailSearch=true&gu2=kdc&guCode2=030&infoTxt=%EC%A3%BC%EC%A0%9C%EC%96%B4%7C%EB%B0%B1%EA%B3%BC%EC%82%AC%EC%A0%84&sort=iregdate&desc=desc&pageSize=30,국립중앙도서관>통합검색>소장자료 검색결과,False,http://cover.nl.go.kr/kolis_on/2018/CNTS-00093249155_thumbnail.jpg,0c1d73b568af4aef.jpg,표지이미지,"7. 도서 책제목 : (천재지능백과)퍼즐랜드 금하편집국 엮음 금하출판 1988 청구기호 : 아030-금843ㅍ 자료이용 : 어린이청소년도서관(역삼동) 연구자료실(멀티미디어, 3층)",False,,국립중앙도서관 > 검색어 자동완성 목록,무의미형
r3529446861,https://www.djjunggu.go.kr/tmpl/skin/common/toputilPagelist.jsp,,False,https://www.djjunggu.go.kr/thumbnail/shortCutDetail/300_SCD_202206300929515961.png,3529446861b47efb.png,유천1동,은행선화동 은행선화동 목동 목동 중촌동 중촌동 대흥동 대흥동 문창동 문창동 석교동 석교동 대사동 대사동 부사동 부사동 용두동 용두동 오류동 오류동 태평1동 태평1동 태평2동 태평2동 유천1동 유천1동 유천2동 유천2동 문화1동 문화1동 문화2동 문화2동 산성동 산성동,True,유천1동 유천1동,,불충분형
r7ae7d854f1,https://www.djjunggu.go.kr/tmpl/skin/common/toputilPagelist.jsp,,False,https://www.djjunggu.go.kr/thumbnail/shortCutDetail/300_SCD_202206300930155401.png,7ae7d854f104bf97.png,문화1동,은행선화동 은행선화동 목동 목동 중촌동 중촌동 대흥동 대흥동 문창동 문창동 석교동 석교동 대사동 대사동 부사동 부사동 용두동 용두동 오류동 오류동 태평1동 태평1동 태평2동 태평2동 유천1동 유천1동 유천2동 유천2동 문화1동 문화1동 문화2동 문화2동 산성동 산성동,True,문화1동 문화1동,,불충분형
raedc6d4b56,https://www.andong.go.kr/fm/main.do,안동시립박물관,False,https://www.andong.go.kr/fm/images/main/banner04.png,aedc6d4b56e5481a.png,한국박물관협회,이전 다음 정지,True,https://www.museum.or.kr,,적절
r80cca3c399,https://www.djjunggu.go.kr/,대전광역시 중구청,True,https://www.djjunggu.go.kr/images/kr/main/tour8.jpg,80cca3c399e82c34.jpg,여경암 이미지,추천 관광지 뿌리공원 자세히보기 추천 관광지 O!World 자세히보기 추천 관광지 보문산 자세히보기 추천 관광지 효문화마을관리원 자세히보기 추천 관광지 봉소루 자세히보기 추천 관광지 유회당 자세히보기 추천 관광지 단재신채호선생생가 자세히보기 추천 관광지 여경암 자세히보기 추천 관광지 창계숭절사 자세히보기 추천 관광지 거업재 자세히보기,False,,메인 본문 시작,적절
r7391af7b26,https://www.daegu.go.kr/index.do?menu_id=00000031,동인청사 1층 종합민원실 | 대구광역시,True,https://www.daegu.go.kr/cmsh/daegu.go.kr/images/content/minwon/img_minwon_room01.jpg?ver=202607,7391af7b264b27e8.jpg,"본관1층 종합민원실 입구에서 정면을 바라보고 좌측에 행정게시판이 위치해 있고 시계방향으로 민원용pc,프린터,팩스,여권신청서작성대,민원인 대기공간, 청원경찰이 있으며 청원경찰을 기준으로 서서 왼편에 1번창구 일반민원, 자격증 연락처 2894, 2번창구 인허가,제증명 연락처 2896, 3번창구 민원안내 연락처2891 있고 2번창구 뒷편에 종합민원팀장 연락처 2870가 있고 민원대기공간 기준으로 정면에는  4번창구 여권신청 연락처 2882, 5번창구 연권신청 연락처 2883, 6번창구 여권신청(취약계층 우대창구) 연락처 2877,   7번창구 여권신청 연락처 2886, 7번창구 뒤쪽 민원안내 사회복무  4번창구 뒷편에 시민생활상담실 연락처 3009 그옆으로 여권심사 연락처 2856번 2855번이 있고  7번창구에서 입구방향으로 9번창구 여권 찾는 곳 연락처 2847, 10번창구 수수료 내는곳  연락처 2898번 창구가 위치해 있습니다.",손가락을 이용해 확대/축소가 가능합니다.,False,,민원실안내 > 분야별토픽,적절
r2096c47052,https://www.nl.go.kr/NL/contents/search.do?detailSearch=true&gu2=kdc&guCode2=007&infoTxt=%EC%A3%BC%EC%A0%9C%EC%96%B4%7C%EC%97%B0%EA%B5%AC%EC%9D%BC%EB%B0%98+%EB%B0%8F+%EB%B0%A9%EB%B2%95%EB%A1%A0&sort=iregdate&desc=desc&pageSize=30,국립중앙도서관>통합검색>소장자료 검색결과,False,http://cover.nl.go.kr/kolis_on/2002/CNTS-00047838402_thumbnail.jpg,2096c47052c7688b.jpg,표지이미지,11. 도서 책제목 : 現象學과 個別科學 韓國現象學會 編 大學出版社 1985 청구기호 : 007.3-한646ㅎ 자료이용 : 디지털도서관 디지털자료실 목차,False,,국립중앙도서관 > 검색어 자동완성 목록,무의미형
r21c3ce6983,https://www.djjunggu.go.kr/bbs/BBSMSTR_000000000452/view.do?nttId=B000000220893Ij4wY6&mno=sub05_03_12_03,"게시판 >일자리경제과 >실과별안내  >중구소개  >
    대전광역시 중구청",True,https://www.djjunggu.go.kr/crosseditor/binary/images/000044/20251029140514905_3U2VXO0S.jpg,21c3ce698323a447.jpg,"그림입니다.

원본 그림의 이름: 바가지요금신고센터 QR코드.jpg

원본 그림의 크기: 가로 357pixel, 세로 357pixel",참고 2 : 바가지요금 신고 QR 코드 >,False,,바가지요금 신고 접수 안내,파일명형
r69bb137e7b,https://www.dong.daegu.kr/,대구광역시 동구청 홈페이지에 오신 것을 환영합니다.,True,https://www.dong.daegu.kr/common/file/img/view.do?atchFileId=E4B35EC6ABF85008A44E4BEE00CA5EEEFC63734FEBE40C49C720258F2CCDEAF5&fileSn=153B0F4F8CC3473C14B0C97144A3CEB0&width=&height=,69bb137e7b284ac9.do,기상청 폭염정보 전달 홍보이미지,카드 뉴스 1 7 이전 정지 시작 다음,False,,동구미래 제대로 다르게 > 카드 뉴스,불충분형
r51d898523d,https://www.nl.go.kr/kolisnet/index.do,국가자료종합목록,False,https://www.nl.go.kr/kolisnet/include/image/common/symbol_03.png,51d898523da32034.png,한국교육학술정보원,"우편번호 06579 서울시 서초구 반포대로 201(반포동) 대표전화 : 02-590-6220, 02-590-0626 
				
				팩스 : 02-590-6335 Copyrightⓒ National Library of Korea. All rights reserved. 개인정보처리방침 사이트맵 시스템 소개 종합목록 구축 현황 ※ 2026.07 말 기준 서지데이터 21,471,030 (건) 소장데이터 98,994,290 (건) 참여기관 2,108 (관) 우편번호 06579 서울시 서초구 반포대로 201(반포동) 대표전화 : 02-590-6220, 02-590-0626 
				 
				팩스 : 02-590-6335 Copyrightⓒ National Library of Korea. All rights reserved. 개인정보처리방침 사이트맵 시스템 소개",True,http://www.riss.kr/index.do,분류기호 검색 > 메인 슬로건 슬라이드 > 첨자기호,적절
r9897ce021b,https://www.nl.go.kr/NL/contents/search.do?detailSearch=true&gu2=kdc&guCode2=001&infoTxt=%EC%A3%BC%EC%A0%9C%EC%96%B4%7C%EC%A7%80%EC%8B%9D%2C%ED%95%99%EB%AC%B8%EC%9D%BC%EB%B0%98&sort=iregdate&desc=desc&pageSize=30,국립중앙도서관>통합검색>소장자료 검색결과,False,http://cover.nl.go.kr/kolis_on/2002/CNTS-00047876920_thumbnail.jpg,9897ce021b800023.jpg,표지이미지,27. 도서 책제목 : 學의 방법론 입문 : 분석적 방법을 중심으로. 1 헬무트 자이퍼트 지음;전영삼 옮김. 敎保文庫 1992 청구기호 : 001.2-자142ㅎ전-1 자료이용 : 디지털도서관 디지털자료실 목차,False,,국립중앙도서관 > 검색어 자동완성 목록,무의미형
r07cf10a421,https://www.nl.go.kr/isni/,ISNI-KOREA,False,https://www.nl.go.kr/isni/minify/images/isni-slide04-mb.png,07cf10a42190b423.png,"#가수, #한국음악, #돌아와요 부산항에, 조용필(Cho, Yongpil), ISNI 0000 0003 9287 0486, 출처 Y P C",,True,/isni/0000000392870486,,적절
r64f90b104f,https://www.dong.daegu.kr/,대구광역시 동구청 홈페이지에 오신 것을 환영합니다.,True,https://www.dong.daegu.kr/common/file/img/view.do?atchFileId=E4B35EC6ABF85008A44E4BEE00CA5EEE75634861A922D142AB8EB2931CB1CCAF&fileSn=40C98A4A6FCB65CE0019FDF03EB3112E&width=&height=,64f90b104f12b03a.do,동구도서관 5월웹진 홍보이미지,카드 뉴스 1 7 이전 정지 시작 다음,True,https://www.donggu-lib-archive.kr/contents/?u=269A41A8-62DF-99FE-6180-EBC5B10593EB,동구미래 제대로 다르게 > 카드 뉴스,불충분형
r9968d65ca5,https://www.djjunggu.go.kr/,대전광역시 중구청,True,https://www.djjunggu.go.kr/thumbnail/popupzoneDetail/PHO_202603260224037090.jpg,9968d65ca5a314c4.jpg,대전사랑카드 운영기준 변경안내,현재 총 18개 의 알림판 소식이 있습니다.,True,#none,,불충분형
r0d01350613,https://www.korea.kr/etc/newsNotifyGuide.do,서비스안내 | 정책정보 알림설정 | MY 맞춤뉴스 | 대한민국 정책브리핑,False,https://www.korea.kr/images/notify/guide2_3.png,0d01350613178c2e.png,해당 이미지 아래 설명 추가,애플리케이션 정보 알림 알림 메뉴 클릭 권한 사용시간,False,,서비스 안내 > 정책정보 알림설정,불충분형
r5fdd018cac,https://www.djjunggu.go.kr/,대전광역시 중구청,True,https://www.djjunggu.go.kr/thumbnail/popupzoneDetail/PHO_202608070437332000.png,5fdd018cacc52964.png,하천·계곡 불법시설 정비 영상공모전,현재 총 58개 의 중구 소식이 있습니다.,True,#none,,불충분형
r17bf586fa6,https://www.korea.kr/news/policyFocusHome.do,정책포커스 | 정책뉴스 | 대한민국 정책브리핑,False,https://www.korea.kr/newsWeb/resources/attaches/2026.02/04/17bf0806016e49a620562571a24cfe63.jpg,17bf586fa68cbeea.jpg,청년의 힘으로 도약하는 대한민국! 청년정책,청년정책 더 이상 헛다리짚지 않겠습니다 2026.08.14 청와대 청년정책의 구조적 대전환을 위해 2026.08.14 청와대 게임회사에서 일해볼 사람? 2026.08.07 문화체육관광부 청년정책 전체보기,False,,콘텐츠 영역 > 청년정책,무관형
rf4015b238f,http://www.andong.go.kr/cn/main.do,高品格城市、富饶的城市、市民幸福的安东市,False,http://www.andong.go.kr/foreign/img/main/sample_bisiness.jpg,f4015b238fca1c80.jpg,KONC,为了外国人的电子化政府 移动出入国业务 结婚移民信息 公路名称地址搜索,False,,致辞,무관형
r7fccbfcecb,https://www.kisti.re.kr/resources/kisti_history/celebration/01_01.html,한국과학기술정보연구원 60주년 e-역사관,False,https://www.kisti.re.kr/resources/kisti_history/img/celebration/ce_01_img24.png,7fccbfcecb6b7c4e.png,ESnet,ESnet (미국 에너지성 연구망) 축전 보기,False,,해외 축전 > CERNET,적절
r2ecfb24765,https://www.nl.go.kr/oasis/,OASIS - 온라인 디지털지적문화유산의 아카이빙,False,https://nl.go.kr/oasis/social/viewSocialMedia.do?twMediaType=USER&twUid=82041809&twMediaNo=2,2ecfb24765cf33cf.do,고용노동부,"고용노동부 7,357 건 과학기술정보통신부 11,329 건 교육부 4,878 건 국방부 트위터 대변인 3,650 건 국토교통부 10,997 건 농림축산식품부 4,758 건 문화체육관광부 5,341 건 법무부 1,637 건 대한민국 보건복지부 7,339 건 산업통상자원부 288 건 여성가족부 3,735 건 대한민국 외교부 MOFA_KR 4,092 건",True,"고용노동부 7,357 건",상세검색 > 국립중앙도서관 웹자원 아카이브 OASIS > 트위터 아카이브(2018~2022),적절
r9888140838,https://www.korea.kr/news/celebrityList.do,오피니언 | 정책칼럼 | 뉴스 | 대한민국 정책브리핑,False,https://www.korea.kr/newsWeb/resources/attaches/2025.10/10/57aec5eae86800d4ae53dcc3352898c8.jpg,9888140838bf4484.jpg,우석진 명지대 경상통계학부 / 응용데이터사이언스 교수,"민생경제 국가재정전략회의로 본 '대한민국 미래 투자' 미래투자는 산업 기반을 갖추는 데서 끝나지 않는다. 새로운 기술을 활용할 인재를 키우고, 그 성과를 국민의 일자리와 기회로 연결해야 한다.…이제 성과는 지출 규모가 아니라 변화로 평가해야 한다. 그래야 미래투자가 산업의 성장에 그치지 않고 국민이 체감하는 성장으로 이어질 수 있다. 우석진 명지대 경상통계학부 / 응용데이터사이언스 교수 국가재정전략회의는 톱다운 예산제도의 핵심 절차다. 톱다운 방식은 정부가 총지출 규모와 분야별 지출한도를 먼저 정하는 데서 출발한다. 각 부처는 정해진 한도 안에서 사업의 우선순위를 다시 세워야 한다. 꼭 필요한 사업을 고르는 동시에 효과가 낮은 사업은 줄이거나 뒤로 미뤄야 한다. 정부가 역대 최대 수준의 지출구조조정을 강조한 이유도 여기에 있다. 새로운 투자를 늘리려면 기존 지출을 과감하게 정비해야 하기 때문이다. 지난 7월 13일 열린 국가재정전략회의에는 필자 포함 정부와 여당, 민간 전문가 등 1",True,"민생경제 국가재정전략회의로 본 '대한민국 미래 투자' 미래투자는 산업 기반을 갖추는 데서 끝나지 않는다. 새로운 기술을 활용할 인재를 키우고, 그 성과를 국민의 일자리와 기회로 연결해야 한다.…이제 성과는 지출 규모",정책칼럼,적절
r6fdd932931,https://www.nl.go.kr/NL/contents/search.do?detailSearch=true&gu2=kdc&guCode2=001&infoTxt=%EC%A3%BC%EC%A0%9C%EC%96%B4%7C%EC%A7%80%EC%8B%9D%2C%ED%95%99%EB%AC%B8%EC%9D%BC%EB%B0%98&sort=iregdate&desc=desc&pageSize=30,국립중앙도서관>통합검색>소장자료 검색결과,False,http://cover.nl.go.kr/kolis_on/2002/CNTS-00047917891_thumbnail.jpg,6fdd932931640ae1.jpg,표지이미지,20. 도서 책제목 : (긴급보고)UFO 괴기사건 야오이 준이치 지음;조경철;김경진 [공]옮김 넥서스 1996 청구기호 : 001-야819ㅇ조 자료이용 : 디지털도서관 디지털자료실 목차,False,,국립중앙도서관 > 검색어 자동완성 목록,무의미형
re269426715,https://www.dong.daegu.kr/health/main.do,보건소에 오신 것을 환영합니다.,False,https://www.dong.daegu.kr/common/file/img/view.do?atchFileId=E4B35EC6ABF85008A44E4BEE00CA5EEED1621B92FD7686B36ABF67460B46F52A&fileSn=78F6C76797E0512124C392213D7DC6FF&width=420&height=601,e269426715313539.do,건강한 임신 준비의 공식,"오늘 하루 보지 않기 닫기 01 0 시작 정지 즐겨찾는 서비스 온라인 제증명발급 방역소독신청 식중독 신고 우리동네 약국 진료안내 심폐소생술 교육 공지사항 수족구병 예방 홍보 안내 2026.08.11 2026년 예비부부 아카데미『너랑 나, 행복한 우리』 2기 모집 2026.08.11 2026년 예비부모 출산준비교실 『엄빠튜토리얼』 2기 모집 2026.08.06 모기 퇴치 행동 수칙 2026.07.03 2026년 저소득층 기저귀 조제분유 바우처 변경사항 안내(2026. 7. 1. ~) 2026.07.02 예방접종안내 2026년 어르신 폐렴구균(PPSV23) 무료 예방접종 안내 2026.01.06 보건민원안내 우 리 동 네 안내 야간/공휴일 진료기관 안내 공휴일 당번약국 우리동네 의료기관 찾기 우리동네 약국찾기 진 료 안내 대표번호 662-3130 진료안내 평일 09:00 ~ 18:00 / 점심시간 : 12:00 ~13:00 주말 및 공휴일 미운영 보건사업 이 궁금하신가요? 대구동구의 보",False,,보건소 > 열린보건,불충분형
r58a031d190,https://www.dong.daegu.kr/,대구광역시 동구청 홈페이지에 오신 것을 환영합니다.,True,https://www.dong.daegu.kr/common/file/img/view.do?atchFileId=E4B35EC6ABF85008A44E4BEE00CA5EEE9F3492F2BF4287C05E5E7A36B2F78F0D&fileSn=78F6C76797E0512124C392213D7DC6FF&width=&height=,58a031d1909dc03e.do,치매안심재산관리서비스,구청장 우성진 입니다. 구청장실 행정조직 부서·직원정보 이전 다음 정지 시작 1 0 규제신문고 개인정보처리방침 고향사랑기부제 정부24 여권안내 일자리활짝 팔공메아리 통합예약 생활지도 한눈에 보는 동구의 미래 군소음보상신청 비상대피시설 민방위안내 쓰레기봉투 쓰레기분리배출 생애주기별복지 칭찬합시다 동구아이디어뱅크 지방세 환급금 조회 더보기 +,False,,동구미래 제대로 다르게 > 이용안내,불충분형
radfaa5819f,https://www.andong.go.kr/portal/contents.do?mId=0101090000,"민원서식 작성예시 QR코드

		
		
		
			
				| 민원실 안내
				
			
		
			
				| 민원안내
				
			
		
			
		
			
		
			
		
		| 안동시 홈페이지",False,https://www.andong.go.kr/andong/img/ko/sub03/QRimage_08.png,adfaa5819f1324c8.png,이혼신고서 qr코드(https://m.site.naver.com/1DgNq),등초본교부신청서 등초본교부신청서(위임용) 전입세대확인서 교부신청서 인감증명서위임장 가족관계증명 및 위임장 혼인신고서 출생신고서 사망신고서 이혼신고서 자동차양도증명서 자동차이전등록신청서 통합신청서,False,,민원안내 > 민원서식 작성예시 QR코드,적절
r5ecbd19988,https://www.nl.go.kr/NL/contents/search.do?detailSearch=true&gu2=kdc&guCode2=001&infoTxt=%EC%A3%BC%EC%A0%9C%EC%96%B4%7C%EC%A7%80%EC%8B%9D%2C%ED%95%99%EB%AC%B8%EC%9D%BC%EB%B0%98&sort=iregdate&desc=desc&pageSize=30,국립중앙도서관>통합검색>소장자료 검색결과,False,http://cover.nl.go.kr/kolis_on/2002/CNTS-00047850227_thumbnail.jpg,5ecbd19988001750.jpg,표지이미지,16. 도서 책제목 : 이것이 당신이 가게 될 죽음의 세계이다 레이몬드 A.무디 저;김경선 옮김 麗韻社 1988 청구기호 : 001-무513ㅇ김 자료이용 : 디지털도서관 디지털자료실 목차,False,,국립중앙도서관 > 검색어 자동완성 목록,무의미형
r1513303763,https://www.nl.go.kr/NL/contents/search.do?detailSearch=true&gu2=kdc&guCode2=0&infoTxt=%EC%A3%BC%EC%A0%9C%EC%96%B4%7C%EC%B4%9D%EB%A5%98&sort=iregdate&desc=desc&pageSize=30,국립중앙도서관>통합검색>소장자료 검색결과,False,http://cover.nl.go.kr/kolis_on/2020/CNTS-00118189335_thumbnail.jpg,15133037632c56d0.jpg,표지이미지,10. 도서 책제목 : (한글윈도우 95용)파워포인트 이야기 7.0 우종범 지음 성안당 1996 청구기호 : 028.65-우191ㅍ 자료이용 : 디지털도서관 디지털자료실 목차,False,,국립중앙도서관 > 검색어 자동완성 목록,무의미형
re3fbd185f1,https://www.djjunggu.go.kr/,대전광역시 중구청,True,https://www.djjunggu.go.kr/thumbnail/popupzoneDetail/PHO_202606160351302880.jpg,e3fbd185f148503d.jpg,"안전계약 컨설팅 안내
사업내용  전세피해지원센터 내 안전계약 컨설턴트(공인중개사)가 임차인에게
                  임대차 계약 등에 관한 종합 컨설팅 제공
사업기간  2026. 5. 18.부터 (연중)
상담방법  사전예약 및 방문 (042-270-6536)
운영시간  월, 화, 목, 금(10:00~17:00)
운영방법  - 컨설턴트 1인 주 4일(월, 화, 목, 금), 
                     1일 6시간(10~17시) 근무
                  - 전국 총 8개소(서울, 경기, 인천, 대구, 대전, 
                     부산, 광주, 전남)운영
컨설턴트  - 등기부등본, 건축물대장 등 계약 전 확인이 필요한서류 안내
업무             및 주의사항 검토(신탁등기 여부, 근저당권 선순위 등)
                  - 주요 피해사례(무자본 갭투기, 신탁사기",현재 총 58개 의 중구 소식이 있습니다.,True,#,,적절
r730895e836,https://www.kisti.re.kr/homekor,한국과학기술정보연구원,False,https://www.kisti.re.kr/resources/images/logo_mark.png,730895e836be8aeb.png,(사)한국장애인단체총연합회 한국웹접근성인증평가원 웹 접근성 우수사이트 인증마크(WA인증마크),페이스북 바로가기 네이버 블로그 바로가기 유튜브 바로가기,True,http://www.wa.or.kr/board/list.asp?BoardID=0006,AI와 HPC 기반으로 혁신을 선도하다. > KISTI 서비스,적절
r5b74bf273a,https://www.dong.daegu.kr/map/main.do,생활지도에 오신 것을 환영합니다.,False,https://www.dong.daegu.kr/map/img/common/logo.png,5b74bf273a4cc5a1.png,생활지도 서비스,동구청 홈페이지 검색 공공기관 교육 보건 문화관광 체육시설 복지 민방위 닫기 닫기 검색 선택 신암1동 신암2동 신암3동 신암4동 신천3동 신천4동 효목1동 효목2동 방촌동 안심1동 안심2동 신암5동 신천1.2동 도평동 불로봉무동 지저동 동촌동 해안동 공산동 안심3동 안심4동 혁신동 선택 공공기관 교육 보건 문화관광 체육시설 복지 민방위 닫기,True,/map/main.do,,적절
r026769b135,https://www.nl.go.kr/kolisnet/index.do,국가자료종합목록,False,https://www.nl.go.kr/kolisnet/include/image/common/footer_logo.png,026769b1356f3283.png,문화체육관광부 - 국립중앙도서관 로고,"우편번호 06579 서울시 서초구 반포대로 201(반포동) 대표전화 : 02-590-6220, 02-590-0626 
				
				팩스 : 02-590-6335 Copyrightⓒ National Library of Korea. All rights reserved. 개인정보처리방침 사이트맵 시스템 소개 종합목록 구축 현황 ※ 2026.07 말 기준 서지데이터 21,471,030 (건) 소장데이터 98,994,290 (건) 참여기관 2,108 (관) 우편번호 06579 서울시 서초구 반포대로 201(반포동) 대표전화 : 02-590-6220, 02-590-0626 
				 
				팩스 : 02-590-6335 Copyrightⓒ National Library of Korea. All rights reserved. 개인정보처리방침 사이트맵 시스템 소개",True,http://www.nl.go.kr,분류기호 검색 > 메인 슬로건 슬라이드 > 첨자기호,적절
r4214762e97,https://www.dong.daegu.kr/,대구광역시 동구청 홈페이지에 오신 것을 환영합니다.,True,https://www.dong.daegu.kr/portal/img/main/2026mayor_pic.png,4214762e974e2ce6.png,대구광역시 동구청장 우성진,구청장 우성진 입니다. 구청장실 행정조직 부서·직원정보,True,/mayor/main.do,동구미래 제대로 다르게 > 이용안내,적절
r63ec2ad788,https://www.mohw.go.kr/,"힘이 되는 평생 친구, 보건복지부",True,https://www.mohw.go.kr/upload/popupzone/a1/20260414163754322.jpg,63ec2ad788c0b978.jpg,이종욱 박사 서거 20주기 추모세계 보건을 위해 헌신한 그의 삶과 업적을 기립니다.사이트 바로가기,이전 슬라이스로 이동하기 정지 시작 다음 슬라이스로 이동하기 팝업존 더보기,True,https://www.drljw20.org/,법령 > 팝업존,불충분형
rfb47b5837f,https://www.daegu.go.kr/,대구광역시,True,https://www.daegu.go.kr/cms_images/banner/20260821033020073.jpg,fb47b5837f0de7e9.jpg,시원한 수변 야경과 칠성야맥 한 잔! 대구 칠성야시장 주말 밤 산책 후기,1/10 이전 슬라이드 다음 슬라이드 슬라이드 재생 슬라이드 정지,True,https://blog.naver.com/daegu_news/224370206567,대구시 블로그 > #SNS,적절
r2d24f498d3,https://www.nl.go.kr/NL/contents/search.do?detailSearch=true&gu2=kdc&guCode2=0&infoTxt=%EC%A3%BC%EC%A0%9C%EC%96%B4%7C%EC%B4%9D%EB%A5%98&sort=iregdate&desc=desc&pageSize=30,국립중앙도서관>통합검색>소장자료 검색결과,False,http://cover.nl.go.kr/kolis_on/2018/CNTS-00106587254_thumbnail.jpg,2d24f498d31e8953.jpg,표지이미지,19. 도서 책제목 : 祖國의 앞날을 생각하며 安秉煜 著 敎學社 1973 청구기호 : 041-141-2 자료이용 : 디지털도서관 디지털자료실,False,,국립중앙도서관 > 검색어 자동완성 목록,무의미형
rce9afa8db7,https://www.andong.go.kr/fm/main.do,안동시립박물관,False,https://www.andong.go.kr/fm/images/main/visual01.jpg,ce9afa8db7455834.jpg,안동민속박물관 미래천년을 열어 갈 지역문화의 중심! 안동민속박물관 홈페이지 방문을 환영합니다. - 이미지1,,False,,,불충분형
rf2ad624ae8,https://www.nl.go.kr/isni/,ISNI-KOREA,False,https://www.nl.go.kr/isni/minify/images/isni-slide07-mb.png,f2ad624ae8feee22.png,"#비디오아티스트, #예술, #다다익선, 백남준(Paik, NamJune), ISNI 0000 0001 2148 0566, 백남준아트센터 아카이브. 폴 게린 컬렉션.",,True,/isni/0000000121480566,,적절
r3fd7790816,https://www.djjunggu.go.kr/,대전광역시 중구청,True,https://www.djjunggu.go.kr/thumbnail/popupzoneDetail/PHO_202608100803173960.jpg,3fd77908165a4ba9.jpg,"2026년 3분기 임산부·영유아 비대면 건강 교실 운영 기간: 3월, 6월, 9월, 11월 / 분기별 1회 (총 4회) 대상: 교육 제공 시점 기준 1년 이내에 임신 또는 출산한 관내 거주자 방법: 유튜브 활용 온라인 교육 (대상 인원에게 문자로 유튜브 URL 발송) 임산부 운동 (필라테스, 요가) 수유의 종류 및 방법, 영유아 이유식 진행방법 신생아 육아 방법, 수면 교육, 목욕법, 영유아 안전교육 등 교육차수: 3기 교육일정: 9. 14.(월) ~ 9. 28.(월) 교육내용: 임산부 매트 필라테스 신생아 실전 케어 AtoZ 속성편 신생아실 간호사가 알려주는 수유의 모든 것 신생아 리듬 마사지 및 영아 놀이법 문의처: 건강증진과 042-288-8090
만족도 조사 참여 시, 소정의 선물이 제공됩니다.",현재 총 58개 의 중구 소식이 있습니다.,True,#,,적절
r4f32acbd32,https://www.nl.go.kr/NL/contents/search.do?detailSearch=true&gu2=kdc&guCode2=023&infoTxt=%EC%A3%BC%EC%A0%9C%EC%96%B4%7C%EB%8F%84%EC%84%9C%EA%B4%80+%EA%B2%BD%EC%98%81%2C+%EA%B4%80%EB%A6%AC&sort=iregdate&desc=desc&pageSize=30,국립중앙도서관>통합검색>소장자료 검색결과,False,http://cover.nl.go.kr/kolis_on/2002/CNTS-00047915722_thumbnail.jpg,4f32acbd328d706b.jpg,표지이미지,10. 도서 책제목 : 여성사서의 고용불안정 어떻게 할 것인가 여성사서의 고용불안정 사례조사 모임 [편] [여성사서의 고용불안정사례조사모임] [1995] 청구기호 : 023.2-여269ㅇ 자료이용 : 디지털도서관 디지털자료실 목차,False,,국립중앙도서관 > 검색어 자동완성 목록,무의미형
r12c36358dc,https://www.nl.go.kr/NL/contents/search.do?detailSearch=true&gu2=kdc&guCode2=017&infoTxt=%EC%A3%BC%EC%A0%9C%EC%96%B4%7C%ED%8A%B9%EC%88%98%EC%84%9C%EC%A7%80+%EB%B0%8F+%EB%AA%A9%EB%A1%9D&sort=iregdate&desc=desc&pageSize=30,국립중앙도서관>통합검색>소장자료 검색결과,False,http://cover.nl.go.kr/kolis_on/2017/CNTS-00093224492_thumbnail.jpg,12c36358dc7b7741.jpg,표지이미지,1. 도서 책제목 : 奎章閣圖書中國本綜合目錄 서울大學校圖書館 編 서울大學校圖書館 1982 청구기호 : 0260-173 자료이용 : 디지털도서관 디지털자료실 목차,False,,국립중앙도서관 > 검색어 자동완성 목록,무의미형
r8fec3b833b,https://www.korea.kr/,대한민국 정책브리핑,False,https://www.korea.kr/newsWeb/resources/attaches/2026.07/07/a304eb35957cb7ba9407a80c442ec161.jpg,8fec3b833baf4e6f.jpg,"반도체, 피지컬AI, AI데이터센터 3대 메가프로젝트 자세히보기",,True,https://www.korea.kr/news/customizedNewsList.do?subPkgId=70061783&pWise=main&pWiseMain=TOP1,"상단주요뉴스, MY 맞춤뉴스 영역",적절
r423177cbdd,http://www.andong.go.kr/health/main.do,안동시보건소,False,http://www.andong.go.kr/health/img/common/banner/6.gif,423177cbdda8d724.gif,국립암센터,,True,http://ncc.re.kr/default.jsp,주요사업 안내,적절
rd5aeb9aec8,https://www.dong.daegu.kr/english/main.do,Welcome to DONG-GU Daegu Metropolitan City,False,https://www.dong.daegu.kr/english/img/common/logo_eng.png,d5aeb9aec8a6aac3.png,DONG-GU Daegu Metropolitan City,"207 Ayang-ro(36-1 Sinam-dong), Dong-gu, Daegu 41185, Republic of Korea Tel. +82-53-662-2000 Mail. seminaa@korea.kr",False,,Culture/Tourism,적절
rca301a3799,https://www.djjunggu.go.kr/tmpl/skin/common/toputilPagelist.jsp,,False,https://www.djjunggu.go.kr/thumbnail/shortCutDetail/300_SCD_202206290601203591.png,ca301a379999ed23.png,안전총괄과,기획공보실 기획공보실 감사실 감사실 총무과 총무과 문화체육과 문화체육과 회계정보과 회계정보과 세무과 세무과 민원봉사과 민원봉사과 지적과 지적과 복지정책과 복지정책과 사회복지과 사회복지과 여성가족과 여성가족과 경제기업과 경제기업과 환경과 환경과 위생과 위생과 도시과 도시과 안전총괄과 안전총괄과 건설과 건설과 건축과 건축과 공원녹지과 공원녹지과 교통과 교통과 도시활성화과 도시활성화과,True,안전총괄과 안전총괄과,,무관형
r4cdda41c75,https://www.nl.go.kr/NL/contents/search.do?detailSearch=true&gu2=kdc&guCode2=030&infoTxt=%EC%A3%BC%EC%A0%9C%EC%96%B4%7C%EB%B0%B1%EA%B3%BC%EC%82%AC%EC%A0%84&sort=iregdate&desc=desc&pageSize=30,국립중앙도서관>통합검색>소장자료 검색결과,False,http://cover.nl.go.kr/kolis_on/2018/CNTS-00093250276_thumbnail.jpg,4cdda41c75b7dbfe.jpg,표지이미지,"23. 도서 책제목 : 라루스 어린이 백과. 8. 교통과 운송 [아름드리 편]. 아름드리 1995 청구기호 : 아030-아195ㄹ-8 자료이용 : 어린이청소년도서관(역삼동) 연구자료실(멀티미디어, 3층)",False,,국립중앙도서관 > 검색어 자동완성 목록,무의미형
rf87a726b3d,https://www.dong.daegu.kr/,대구광역시 동구청 홈페이지에 오신 것을 환영합니다.,True,https://www.dong.daegu.kr/common/file/img/view.do?atchFileId=E4B35EC6ABF85008A44E4BEE00CA5EEE50A6490FC357A964BADFDBF4D961765C&fileSn=78F6C76797E0512124C392213D7DC6FF&width=&height=,f87a726b3de847c3.do,남성청소년 hpv 접종 안내 포스터,이전 다음 정지 시작 1 0,True,https://dong.daegu.kr/portal/board/post/view.do?idx=194101&bcIdx=500&mid=0201010000,동구미래 제대로 다르게 > 이용안내,불충분형
r69e987a6d5,https://www.djjunggu.go.kr/,대전광역시 중구청,True,https://www.djjunggu.go.kr/thumbnail/popupDetail/920_PHO_202608070436137580.jpg,69e987a6d5511aad.jpg,"2026년 무더위쉼터 안내
- 운영기간: 2026. 5. 15. ~ 9. 30. 
- 지정쉼터: 178개소 / 연장운영 9개소
- 운영시간: 평일 09시~18시 (단, 경로당 쉼터는 운영시간 변동 가능)
2026년 폭염 응급대피소 안내
- 운영기간: 2026. 5. 15. ~ 9. 30.
- 운영장소: 3층, 치매안심센터 교육실
- 운영시간: 평일 21시~08시(폭염 특보 발효 시 밤시간대 운영)
           주말, 공휴일 24시간",01 / 04 알림 슬라이드 이전 알림 슬라이드 재생 알림 슬라이드 정지 알림 슬라이드 다음,True,https://djjunggu.dmap.space/,,적절
r1bf4ef9651,https://www.daegu.go.kr/,대구광역시,True,https://www.daegu.go.kr/cms_images/banner/20260812045356635.jpg,1bf4ef9651632437.jpg,동부여성문화회관 심리상담실 자원봉사자 모집 모집인원 1명 봉사시간 (주1회) 13시~17시 문의 053-605-3043,알림존 이전 슬라이드 다음 슬라이드 알림존 1/10 슬라이드 재생 슬라이드 정지 전체보기,True,https://www.daegu.go.kr/woman/index.do?menu_link=/icms/bbs/selectBoardArticle.do&menu_id=00933812&bbsId=BBS_01897&nttId=,알림존 > 분야별토픽,적절
r93e23cd878,https://www.korea.kr/news/policyFocusHome.do,정책포커스 | 정책뉴스 | 대한민국 정책브리핑,False,https://www.korea.kr/newsWeb/resources/attaches/2026.04/08/7300c9d3ee6d17ffb170af04e758e2c4.jpg,93e23cd878b786b9.jpg,중동전쟁 위기 극복을 위한 2026 추경예산,2026 추경예산 고유가 피해지원금 8월 31일 24시 사용 마감! 2026.08.25 문화체육관광부 국민소통실 중동전쟁으로 커진 민생부담…골목상권에 무슨 일이? 2026.07.08 문화체육관광부 국민소통실 고유가 피해지원금으로 다시 살아난 골목상권 2026.06.30 중소벤처기업부 2026 추경예산 전체보기,False,,콘텐츠 영역 > 2026 추경예산,적절
r7b6b3414ef,https://www.nl.go.kr/kolisnet/index.do,국가자료종합목록,False,https://www.nl.go.kr/kolisnet/include/image/common/symbol_01.png,7b6b3414efac06a1.png,한국서지표준,"우편번호 06579 서울시 서초구 반포대로 201(반포동) 대표전화 : 02-590-6220, 02-590-0626 
				
				팩스 : 02-590-6335 Copyrightⓒ National Library of Korea. All rights reserved. 개인정보처리방침 사이트맵 시스템 소개 종합목록 구축 현황 ※ 2026.07 말 기준 서지데이터 21,471,030 (건) 소장데이터 98,994,290 (건) 참여기관 2,108 (관) 우편번호 06579 서울시 서초구 반포대로 201(반포동) 대표전화 : 02-590-6220, 02-590-0626 
				 
				팩스 : 02-590-6335 Copyrightⓒ National Library of Korea. All rights reserved. 개인정보처리방침 사이트맵 시스템 소개",True,https://librarian.nl.go.kr/LI/contents/L10101000000.do,분류기호 검색 > 메인 슬로건 슬라이드 > 첨자기호,적절
r54b31ece5d,https://www.korea.kr/etc/banner.do,배너달기 | 구독&참여 | 대한민국 정책브리핑,False,https://www.korea.kr/images/sub/banner1.jpg,54b31ece5d510b27.jpg,대한민국 정책브리핑 로고 가운데 정렬 흰색 배경,"사이트 이동경로 홈으로 구독&참여 배너달기 배너달기 JPG 다운로드 AI 다운로드 이용 규정안내 1. 제공된 사이즈 외 제작이 필요하신 경우 Ai 파일을 다운로드 하셔서 규정에 맞게 제작하시면 됩니다. 2. 확대 또는 축소하여 사용할 경우 반드시 형태, 자간, 글자 크기 등을 비례에 맞게 사용해야 합니다. 3. 최소 사이즈 규정 : 너비 기준 48px 미만으로 사용금지 4. 바탕 배경색 규정 : 흰색(#ffffff) 및 지정된 패턴 배경을 원칙으로 합니다.",False,,배너달기,적절
r3bfe3ffac3,https://www.korea.kr/,대한민국 정책브리핑,False,https://www.korea.kr/newsWeb/resources/attaches/2026.03/23/cbb1bb793e7aa9611caeb3e42a52eda7.jpg,3bfe3ffac382ec1d.jpg,일상을 바꾼 국정성과 자세히 보기,,True,https://www.korea.kr/progress/?v=4&pWise=main&pWiseMain=TOP1,"상단주요뉴스, MY 맞춤뉴스 영역",적절
r91c065f9cd,https://www.djjunggu.go.kr/health/index.do,대전 중구 보건소,False,https://www.djjunggu.go.kr/thumbnail/popupDetail/920_PHO_202608180519236660.jpg,91c065f9cd973c9c.jpg,"올해부터 국가예방접종 지원 확대
우리아이 여름방학엔 잊지말고 HPV 백신 접종",01 / 04 알림 슬라이드 이전 알림 슬라이드 재생 알림 슬라이드 정지 알림 슬라이드 다음,True,https://djjunggu.go.kr/bbs/BBSMSTR_000000000066/view.do?nttId=B000000228090Bw5qW5,,적절
rd7d54fd222,https://www.nl.go.kr/NL/contents/search.do?detailSearch=true&gu2=kdc&guCode2=02&infoTxt=%EC%A3%BC%EC%A0%9C%EC%96%B4%7C%EB%AC%B8%ED%97%8C%EC%A0%95%EB%B3%B4%ED%95%99&sort=iregdate&desc=desc&pageSize=30,국립중앙도서관>통합검색>소장자료 검색결과,False,http://cover.nl.go.kr/kolis_on/2020/CNTS-00118153118_thumbnail.jpg,d7d54fd2227d824e.jpg,표지이미지,23. 도서 책제목 : (일하는데 도움받는)PC활용서 아시아나항공인력개발훈련그룹 저 홍릉과학출판사 1996 청구기호 : 028.63-아317ㅍ 자료이용 : 디지털도서관 디지털자료실 목차,False,,국립중앙도서관 > 검색어 자동완성 목록,무의미형
rb41a61c1f6,https://www.andong.go.kr/portal/contents.do?mId=0310010000,"고향사랑기부제 안내

		
		
		
			
				| 안동 고향사랑기부제
				
			
		
			
				| 안동 소개
				
			
		
			
		
			
		
			
		
		| 안동시 홈페이지",False,https://www.andong.go.kr/common/img/common/ico_twitter.png,b41a61c1f6cc04ef.png,트위터 공유,,True,#,안동 소개 > 고향사랑기부제 안내,적절
r658a87ad14,https://www.daegu.go.kr/index.do?menu_id=00936320,감리원 배치신고 민원안내 | 대구광역시,True,https://www.daegu.go.kr/cmsh/daegu.go.kr/images/content/minwon/00936320_img1.jpg,658a87ad149352ab.jpg,"업무 흐름도-신고인 신고후 처리기관 관할 시도에서 접수, 신고서류 확인 및 시스템 입력, 기안 및 결제 다음 신고인에게 신고 결과 통보함",손가락을 이용해 확대/축소가 가능합니다.,False,,정보통신공사 감리원 배치신고 민원안내 > 업무 흐름도,적절
r28a9ec1727,https://www.djjunggu.go.kr/kr/sub04_01_01.do,"정보화교육일정  >정보화교육 안내 >구민광장  >
    대전광역시 중구청",True,https://www.djjunggu.go.kr/images/kr/sub04/sub04_01_01_img02.jpg?ver=1.1,28a9ec172709caac.jpg,정보화교육 안내 포스터입니다. 자세한 내용은 하단을 확인해주세요.,"AI디지털배움터 스마트폰 교육 안내 월 교육기간 교육과정 교육시간 9월 9/7(월) ~ 9/30(수) (4주) 매주 월,화,수 / 공휴일 제외 스마트폰 기초 오전(10:00~12:00)
    스마트폰 심화 오후(13:00~16:00) 10월 10/6(화) ~ 10/28(수) (4주) 매주 월,화,수 / 공휴일 제외 스마트폰 기초 오전(10:00~12:00) 스마트폰 심화 오후(13:00~16:00)
    11월 11/2(월) ~ 11/25(수) (4주) 매주 월,화,수 / 공휴일 제외 스마트폰 기초 오전(10:00~12:00) 스마트폰 심화 오후(13:00~16:00) 정보화교육 진행 상황에 따라
    교육과정 및 일정 변경가능 접수문의 1800-5721 신청대상 중구 구민, 과정별 15명 교육장소 스마트폰 교육장(선화동 401번지 선화별관 5층) 수 강 료 무료 큰 이미지로 보기 +",False,,정보화교육일정,적절
ra85b28cba4,https://www.nl.go.kr/NL/contents/search.do?detailSearch=true&gu2=kdc&guCode2=003&infoTxt=%EC%A3%BC%EC%A0%9C%EC%96%B4%7C%EC%9D%B4%EB%A1%A0+%EC%B2%B4%EA%B3%84+%EB%B0%8F+%EC%8B%9C%EC%8A%A4%ED%85%9C&sort=iregdate&desc=desc&pageSize=30,국립중앙도서관>통합검색>소장자료 검색결과,False,http://cover.nl.go.kr/kolis_on/2002/CNTS-00047923416_thumbnail.jpg,a85b28cba44be5f8.jpg,표지이미지,19. 도서 책제목 : (실험실이 컴퓨터로 간다!)전기/전자 회로 시뮬레이션 진경수;양계준 共著 명성출판사 1997 청구기호 : 003.3-진772ㅈ 자료이용 : 디지털도서관 디지털자료실 목차,False,,국립중앙도서관 > 검색어 자동완성 목록,무의미형
r95e4ffe002,https://www.daegu.go.kr/,대구광역시,True,https://www.daegu.go.kr/cms_images/banner/20260821033214051.jpg,95e4ffe002e60d9a.jpg,WMAC Daegu 2026 여름 축제 개최!,1/10 이전 슬라이드 다음 슬라이드 슬라이드 재생 슬라이드 정지,True,https://blog.naver.com/daegu_news/224377440385,대구시 블로그 > #SNS,적절
r25f2a57301,https://www.nl.go.kr/NL/contents/N71230100000.do,국립중앙도서관>사이트 이용안내>누리집이용가이드>소장자료 통합검색>검색기능,False,https://rm.nl.go.kr/imgs/images/000129/20250819135915441_3ZR658RW.png,25f2a57301b672c9.png,external_image,"1. 통합 검색 UI 개선 및 기능 강화 첫 화면 검색 국립중앙도서관 누리집에 처음 접속하면 표출되는 페이지이며, 중앙 검색 영역을 통해 소장자료 검색 및 홈페이지 내 다양한 정보를 검색을 할 수 있습니다. 통합검색 팝업 페이지 상단에 있는 통합검색 버튼 클릭 시 팝업이 열리며, 소장자료 검색 및 홈페이지 내 여러(또는 다양한) 정보를 검색 할 수 있습니다. 원하는 소장자료를 빠르게 검색 첫 화면 및 통합검색 팝업을 통해 검색하면 검색 결과 화면으로 이동하며 화면 상단 검색영역을 통해 검색할 수 있습니다. 검색 조건 전체 : 제목, 저자, 발행자, ISBN,청구기호, URL 정보 에 대한 완전일치 또는 부분일치 검색 제목 : 제목 정보 에 대한 완전일치 또는 부분일치 검색 저자 : 저자 정보 에 대한 완전일치 또는 부분일치 검색 발행자 : 발행자 정보 에 대한 완전일치 또는 부분일치 검색 청구기호 : 청구기호 에 대한 완전일치 또는 부분일치 검색 목차/초록(부분일치) : 입력한 검색",False,,국립중앙도서관 > 사이트 이용안내 > 소장자료 통합검색,무의미형
rd1abbee6c6,https://www.korea.kr/news/policyFocusHome.do,정책포커스 | 정책뉴스 | 대한민국 정책브리핑,False,https://www.korea.kr/newsWeb/resources/attaches/2026.06/17/072c125c2daf64119045008628605c31.jpg,d1abbee6c645fd82.jpg,생명존중 '천명지킴 프로젝트',"자살예방정책 ""심야를 깨우는 생명의 소리""…109전화와 생명의전화가 만든 24시간 연결고리 2026.08.24 정책기자단 엄정우 누군가를 돌보는 당신도 돌봄이 필요합니다 2026.08.13 보건복지부 혼자 버티고 있는 위기, 먼저 발견하고 지원합니다 2026.08.12 보건복지부 자살예방정책 전체보기",False,,콘텐츠 영역 > 자살예방정책,적절
ra4956a4c29,https://www.nl.go.kr/NL/contents/search.do?detailSearch=true&gu2=kdc&guCode2=00&infoTxt=%EC%A3%BC%EC%A0%9C%EC%96%B4%7C%EC%B4%9D%EB%A5%98&sort=iregdate&desc=desc&pageSize=30,국립중앙도서관>통합검색>소장자료 검색결과,False,http://cover.nl.go.kr/kolis_on/2010/CNTS-00047822718_thumbnail.jpg,a4956a4c294ffe5b.jpg,표지이미지,23. 도서 책제목 : 人間工學 李根熙 著 漢陽大學校出版院 1981 청구기호 : 041-255-2 자료이용 : 디지털도서관 디지털자료실 목차,False,,국립중앙도서관 > 검색어 자동완성 목록,무의미형
r28c9be30af,https://www.djjunggu.go.kr/tmpl/skin/common/toputilPagelist.jsp,,False,https://www.djjunggu.go.kr/thumbnail/shortCutDetail/300_SCD_202206300929084501.png,28c9be30af1eb7c6.png,용두동,은행선화동 은행선화동 목동 목동 중촌동 중촌동 대흥동 대흥동 문창동 문창동 석교동 석교동 대사동 대사동 부사동 부사동 용두동 용두동 오류동 오류동 태평1동 태평1동 태평2동 태평2동 유천1동 유천1동 유천2동 유천2동 문화1동 문화1동 문화2동 문화2동 산성동 산성동,True,용두동 용두동,,무관형
rf59e7f64d7,https://www.daegu.go.kr/120/index.do,120달구벌콜센터,False,https://www.daegu.go.kr/120/images/egovframework/dcall/common/daegu_logo.svg,f59e7f64d7640153.svg,대구광역시,120달구벌콜센터 (우 41542) 대구광역시 북구 연암로 40 산격청사 111동 대표안내전화 : 053)120 (유료) Daegu Metropolitan City. All rights Reserved.,False,,,적절
r48f8a87e6b,https://www.nl.go.kr/NL/contents/search.do?detailSearch=true&gu2=kdc&guCode2=020&infoTxt=%EC%A3%BC%EC%A0%9C%EC%96%B4%7C%EB%AC%B8%ED%97%8C%EC%A0%95%EB%B3%B4%ED%95%99&sort=iregdate&desc=desc&pageSize=30,국립중앙도서관>통합검색>소장자료 검색결과,False,http://cover.nl.go.kr/kolis_on/2018/CNTS-00093234169_thumbnail.jpg,48f8a87e6bdfb344.jpg,표지이미지,13. 도서 책제목 : 문헌정보학의 연구방법론 Ronald R. Powell 저;홍현진 역 구미무역출판부 1996 청구기호 : 020.11-포616ㅁ홍 자료이용 : 디지털도서관 디지털자료실 목차,False,,국립중앙도서관 > 검색어 자동완성 목록,무의미형
rd494deeeb9,https://www.nl.go.kr/NL/contents/search.do?detailSearch=true&gu2=kdc&guCode2=017&infoTxt=%EC%A3%BC%EC%A0%9C%EC%96%B4%7C%ED%8A%B9%EC%88%98%EC%84%9C%EC%A7%80+%EB%B0%8F+%EB%AA%A9%EB%A1%9D&sort=iregdate&desc=desc&pageSize=30,국립중앙도서관>통합검색>소장자료 검색결과,False,http://cover.nl.go.kr/kolis_on/2002/CNTS-00047914665_thumbnail.jpg,d494deeeb9019e86.jpg,표지이미지,9. 도서 책제목 : 奎章閣韓國本圖書解題. 제6집. 史部3 [서울대학교규장각 편]. 서울大學校奎章閣 1993 청구기호 : 017.1-서794ㄱ-1993(6) 자료이용 : 디지털도서관 디지털자료실 목차,False,,국립중앙도서관 > 검색어 자동완성 목록,무의미형
rbc73850753,https://www.mohw.go.kr/menu.es?mid=a10211000000,"국민연금재심사위원회 < 민원 : 힘이 되는 평생 친구, 보건복지부",True,https://www.mohw.go.kr/kor/img/minwon/mw_011806.gif,bc73850753ef34ef.gif,2022 국민연금 권리구제 사례집 표지,국민연금 권리구제 단계별(이의신청-심사청구-재심사청구) 유형별 주요 사례 확인하기 e-book 보기 PDF 다운로드 PDF 다운로드 시각장애인용-2023,False,,국민연금재심사위원회,적절
r5f6af90eaf,https://www.daegu.go.kr/,대구광역시,True,https://www.daegu.go.kr/cms_images/banner/20260820093044559.jpg,5f6af90eafe337d5.jpg,2026 판타지아대구페스타 AI 콘텐츠 공모전 생성형 AI로 만드는 대구 대표 축제 브랜드 “판타지아대구페스타” 공모일정 2026.08.03.월~09.11.금 16:00,,True,https://www.daegu.go.kr/index.do?menu_link=/icms/bbs/selectBoardArticle.do&menu_id=00000854&bbsId=BBS_00029&nttId=818696,전체메뉴 > 분야별토픽,적절
r71c65f2bc6,https://www.nl.go.kr/isni/,ISNI-KOREA,False,https://www.nl.go.kr/isni/minify/images/site-link-logo-isni.png,71c65f2bc661d4c8.png,ISNI,ISNI 국제기구 전 세계적인 ISNI 운영 및 보급,True,ISNI 국제기구 전 세계적인 ISNI 운영 및 보급,ISNI KOREA 게시판 > FAQ,적절
r31c0107d90,https://www.nl.go.kr/NL,국립중앙도서관,False,https://www.nl.go.kr/comm/viewImage.do?f= 7qLwx%2FuAwFQghCI%2FSUmRA8CVS3y%2FTxInCMDqErL4zhx%2BgYLWuyV%2F7ZC%2B00gI8nitEHHMUcNkTYcExF5XD1keUA%3D%3D,31c0107d900bf32f.do,"2026년 「월드라이브러리(World Library)」
이용만족도조사
참여 기간 2026. 8. 20.(목) ~ 2026. 9. 16. (수)
설문에 참여해 주신 분들 중 30분께
커피 기프티콘(1매)을 드립니다.
많은 관심과 참여 부탁드립니다.
만족도 조사 참여하기 >",오늘하루 보지 않기 닫기 오늘하루 보지 않기 닫기,True,https://docs.google.com/forms/d/e/1FAIpQLSenmjjPBIXBv4Mzm2lfMgSqRcWhGookIjxkPFqQcASdMdvJBQ/viewform,,적절
r7a8e67a80a,https://www.nl.go.kr/isni/,ISNI-KOREA,False,https://www.nl.go.kr/isni/minify/images/mainbanner13.png,7a8e67a80a8afadc.png,한국음악저작권협회,,True,https://www.komca.or.kr/CTLJSP,ISNI KOREA 게시판 > FAQ,적절
r929515576b,https://www.nl.go.kr/kolisnet/index.do,국가자료종합목록,False,https://www.nl.go.kr/kolisnet/include/image/common/WA_AuthenticateMarc.jpg,929515576b58faa0.jpg,과학기술정보통신부 WEB ACCESSIBILITY 마크(웹 접근성 품질인증 마크) style=,"우편번호 06579 서울시 서초구 반포대로 201(반포동) 대표전화 : 02-590-6220, 02-590-0626 
				 
				팩스 : 02-590-6335 Copyrightⓒ National Library of Korea. All rights reserved. 개인정보처리방침 사이트맵 시스템 소개",True,#,분류기호 검색 > 메인 슬로건 슬라이드 > 종합목록 구축 현황,무관형
r38f9fbfe72,https://www.daegu.go.kr/,대구광역시,True,https://www.daegu.go.kr/cms_images/banner/20260714044248659.jpg,38f9fbfe72f770f3.jpg,"소중한 나랏돈, 함께 지켜요 공공재정 부정청구 신고센터 운영 신고대상 2020. 1. 1. 이후 지급된 공공재정 지급금 중 허위청구, 과다청구, 목적외사용, 오지급한 경우 신고방법  온라인, 방문/운편, 팩스",알림존 이전 슬라이드 다음 슬라이드 알림존 1/10 슬라이드 재생 슬라이드 정지 전체보기,True,https://www.daegu.go.kr/index.do?menu_id=00938110,알림존 > 분야별토픽,적절
r5481f098a5,https://www.korea.kr/etc/newsNotifyGuide.do,서비스안내 | 정책정보 알림설정 | MY 맞춤뉴스 | 대한민국 정책브리핑,False,https://www.korea.kr/images/notify/guide2_1.png,5481f098a58aa6b0.png,해당 이미지 아래 설명 추가,"설정 디지털 웰빙 및 자녀보호 기능 [사용시간, 앱 타이머] 배터리 및 디바이스 케어 [저장곤간, 메모리, 디바이스 보호] 애플리케이션 [기본 앱, 애플리케이션 설정] 애플리케이션 메뉴 클릭",False,,서비스 안내 > 정책정보 알림설정,불충분형
r6142cdb135,https://www.nl.go.kr/NL,국립중앙도서관,False,https://www.nl.go.kr/afile/previewThumbnail/26072720488qFMEo,6142cdb1357d1347,쾌적한 사회의 불쾌함 : 건강하고 청결하며 질서 정연한 사회에서 우리는 왜 병들어가는가,사서 추천 도서 자세히보기 이전 다음,True,/NL/contents/N20500000000.do?schM=view&recomNo=20260727101153614100,국립중앙도서관 > 오늘의 선택 > 사서 추천 도서,적절
r4b536843b2,https://www.kisti.re.kr/resources/kisti_history/celebration/01_01.html,한국과학기술정보연구원 60주년 e-역사관,False,https://www.kisti.re.kr/resources/kisti_history/img/celebration/ce_01_img09.png,4b536843b2b9943c.png,NASB,NASB (벨라루스 국립과학원) 축전 보기,False,,해외 축전 > RDA,적절
r1ad845b566,https://www.mohw.go.kr/kids/index.jsp,보건복지부 어린이홈페이지,False,https://www.mohw.go.kr/kids/img/background/main_banner_02.png,1ad845b566b21643.png,절주온,절주온 절주온알코올 멈추면 우리의 안전이 시작되요. 바로가기,False,,(존중받는 어린이) 어린이보건복지부 로고 > 영상으로 보는 어린이 보건복지부,적절
r1b7d42dd2f,https://www.daegu.go.kr/,대구광역시,True,https://www.daegu.go.kr/cms_images/banner/20260716043142725.jpg,1b7d42dd2f95b6e1.jpg,"교제폭력 스토킹 레드플래그10 레드플래그(고위험징후)가 있다면 즉시상담(여성긴급전화 1366), 신고 (경찰 긴급신고 112)하세요",알림존 이전 슬라이드 다음 슬라이드 알림존 1/10 슬라이드 재생 슬라이드 정지 전체보기,True,https://www.daegu.go.kr/index.do?menu_id=00000854&menu_link=/icms/bbs/selectBoardArticle.do&bbsId=BBS_00029&nttId=813750,알림존 > 분야별토픽,적절
r497919189f,https://www.korea.kr/archive/ebookMainList.do,전자책 | 정책자료 | 대한민국 정책브리핑,False,https://www.korea.kr/newsWeb/resources/attaches/2026.07/13/a9922fa740dd9942660eb346bc5a6739.jpg,497919189faaa553.jpg,2026년 월간 마을기업 6월호,행정안전부 2026 월간 마을기업 6월호 PDF 전자책,False,,부처 간행물,불충분형
r3cf607ffab,https://www.dong.daegu.kr/portal/contents.do?mid=0706011100,"2025.8.29 ~ 현재 

	
	
		
			| 개인정보처리방침
			
		
	
		
			| 개인정보처리방침
			
		
	
		
			| 이용안내
			
		
	
		
	
		
	
	| 대구광역시 동구청 홈페이지",True,https://www.dong.daegu.kr/portal/img/common/11j.png,3cf607ffab7fd437.png,개인정보처리 아이콘 이미지,제6조 (처리하는 개인정보 항목) 제14조 (개인정보 처리방침의 변경에 관한 사항),True,제6조 (처리하는 개인정보 항목),동구미래 제대로 다르게 > 2025.8.29 ~ 현재 > 목차,장식오용형
r0e1b690983,https://www.kisti.re.kr/resources/kisti_history/celebration/01_01.html,한국과학기술정보연구원 60주년 e-역사관,False,https://www.kisti.re.kr/resources/kisti_history/img/celebration/ce_01_img16.png,0e1b6909831958ac.png,NVIDIA,MICITT (코스타리카 과기정통부) 축전 보기 ELSEVIER (네덜란드 출판사) 축전 보기 WILEY (미국 출판사) 축전 보기 ISTIC (중국 과학기술정보연구소) 축전 보기 DCC (영국 디지털큐레이션센터) 축전 보기 WDS (세계과학데이터시스템) 축전 보기 CODATA (과학기술데이터위원회) 축전 보기 RDA (국제연구데이터연맹) 축전 보기 NASB (벨라루스 국립과학원) 축전 보기 CERN (유럽입자물리연구소) 축전 보기 JST (일본 과학기술진흥기구) 축전 보기 Oak Ridge National Laboratory (미국 오크리지 국립연구소) 축전 보기 RIKEN (일본 이화학연구소) 축전 보기 Tsukuba University (일본 쓰쿠바 대학) 축전 보기 HPE 축전 보기 NVIDIA 축전 보기 Intel 축전 보기 ISC Group 축전 보기 NCSA (미국 국립슈퍼컴퓨팅센터) 축전 보기 RUTGERS University (미국 럿거스 대학교) 축전 보기 NASA,False,,해외 축전 > HPE,적절
rc4b2bfd12f,https://www.nl.go.kr/NL/contents/search.do?detailSearch=true&gu2=kdc&guCode2=030&infoTxt=%EC%A3%BC%EC%A0%9C%EC%96%B4%7C%EB%B0%B1%EA%B3%BC%EC%82%AC%EC%A0%84&sort=iregdate&desc=desc&pageSize=30,국립중앙도서관>통합검색>소장자료 검색결과,False,http://cover.nl.go.kr/kolis_on/2017/CNTS-00089417471_thumbnail.jpg,c4b2bfd12fef8904.jpg,표지이미지,"8. 도서 책제목 : 소크라테스도 배워야 할 상식 특급 [동쪽나라]편집부 엮음 동쪽나라 1995 청구기호 : 아030-동895ㅅ 자료이용 : 어린이청소년도서관(역삼동) 연구자료실(멀티미디어, 3층)",False,,국립중앙도서관 > 검색어 자동완성 목록,무의미형
re848625106,https://www.djjunggu.go.kr/,대전광역시 중구청,True,https://www.djjunggu.go.kr/thumbnail/popupzoneDetail/PHO_202604300545269920.jpg,e848625106145421.jpg,"안전은 챙기고, 생활은 더 편리하게
상세주소 부여를 신청하세요!
상세주소란?
다가구‧다중주택이라면 우리 집 상세주소(동‧호수)가 부여 되어 있는지 꼭 확인하세요!
대전광역시 중구    중앙로 101,    A동 2층 201호
 행정구역     도로명+건물번호     상세주소
왜 필요할까요? 
정확한 우편물‧택배 전달, 응급상황 신속 대응, 전세사기 피해 예방까지!
신청자격은? 
소유자 또는 소유자의 동의를 얻은 임차인
어떻게 신청하나요? 
정부24(plus.gov.kr) 또는 동 행정복지센터, 구청 토지정보과로 방문 신청 
문의처 : 중구청 토지정보과(042-606-6933)",현재 총 58개 의 중구 소식이 있습니다.,True,#,,적절
r3441c65834,https://www.nl.go.kr/isni/,ISNI-KOREA,False,https://www.nl.go.kr/isni/minify/images/isni-slide07.png,3441c6583446f1e2.png,"#비디오아티스트, #예술, #다다익선, 백남준(Paik, NamJune), ISNI 0000 0001 2148 0566, 백남준아트센터 아카이브. 폴 게린 컬렉션.",,True,/isni/0000000121480566,,적절
raf563f1c41,https://www.daegu.go.kr/,대구광역시,True,https://www.daegu.go.kr/cmsh/daegu.go.kr/images/2021/common/img_wa.png,af563f1c410793c3.png,과학기술정보통신부 WEB ACCESSIBILITY 마크(웹 접근성 품질인증 마크),동인청사 : (우 41911) 대구광역시 중구 공평로 88 / 산격청사 : (우 41542)대구광역시 북구 연암로 40 / 전화번호 : 053-120 (유료) 120 달구벌콜센터 © DAEGU METROPOLITAN CITY ALL RIGHTS RESERVED.,True,http://www.webwatch.or.kr/Situation/WA_Situation.html?MenuCD=110,사용자별 자주찾는 메뉴 > 유용한 정보,적절
r28b16068d4,http://www.andong.go.kr/agritec/main.do,안동시 농업기술센터,False,http://www.andong.go.kr/agritec/img/main/pop_231222.png,28b16068d4379176.png,2024년 새해농업인실용교육 과정별 세부일정,"오늘 하루 보지 않기 닫기 오늘 하루 열지않기 팝업닫기 오늘 하루 열지않기 팝업닫기 오늘 하루 열지않기 팝업닫기 오늘 하루 열지않기 팝업닫기 한국정신문화의 수도, 마음까지 이어주는 녹색세상 이전보기 일시정지 재생 다음보기 메인 비주얼 컨트롤로 돌아가기 농기계임대 오시는길 조직도 교육신청 질의·응답 - 25.0 ℃ 10월 11일 12시 기준 기온 - 기상 - 풍향 - 풍속 - 낙뢰 - 습도 - 강수형태 - 강수량 - 안동시 현재 농업기상정보 → 공지사항 더보기 2026년 안동시농업기술센터 기간제근로자(농작업 안전관리) 채용 공고 「2026년 농작업 안전재해예방 지원체계 구축사업」을 시행하는 안동시농업기술센터에서 근무할 기간제근로자(농작업 안전관리)를 모집하고자 다음과 같이 공고합니다. 

1. 채용분야: 기간제근로자(농작업 안전관리)
2. 채용인원: 1명
3. 근무내용: 농작업 안전컨설팅 추진(세부사항은 첨부문서 참조)
4. 근무기간: 2026. 09. ~  2026. 11.",True,https://www.andong.go.kr/agritec/bbs/view.do?bIdx=749570&ptIdx=156&cancelUrl=/agritec/bbs/list.do?ptIdx=156&mId=06010000,,불충분형
r37b0442bb3,https://www.dong.daegu.kr/portal/contents.do?mid=0706011100,"2025.8.29 ~ 현재 

	
	
		
			| 개인정보처리방침
			
		
	
		
			| 개인정보처리방침
			
		
	
		
			| 이용안내
			
		
	
		
	
		
	
	| 대구광역시 동구청 홈페이지",True,https://www.dong.daegu.kr/portal/img/common/3j.png,37b0442bb32bec10.png,개인정보처리 아이콘 이미지,제2조 (개인정보의 처리 및 보유 기간),True,제2조 (개인정보의 처리 및 보유 기간),동구미래 제대로 다르게 > 2025.8.29 ~ 현재 > 목차,장식오용형
r41226bbc1e,https://www.kisti.re.kr/intro/pageView/701,캐릭터  |  기관상징/캐릭터  | KISTI 소개  | 한국과학기술정보연구원,False,https://www.kisti.re.kr/resources/images/content/chagroup02.png,41226bbc1e76cfd3.png,kisti 캐릭터 응용 2번,"키온 KISTI를 대표하는 캐릭터인 키온은 KISTI의 과학기술인프라, 데이터와 컴퓨팅 그리고 과학기술인과의 융합 협력을 상징한다. 클라온 KISTI의 데이터 및 초고성능컴퓨팅 클라우드, 융합 인프라를 상징한다. 내온 과학기술인에게 길을 제시하고 미래를 밝혀주는 KISTI의 역할을 한다. 응용형 동작 *본 캐릭터는 「상표법」에 따라 업무표장으로 등록되어 있음을 안내드립니다.",False,,캐릭터 > KISTI 캐릭터,적절
r4d10918f17,https://www.kisti.re.kr/mspt/spt/pageView/29?t=1638863297451,"QnA      
							
							
							| 
							고객지원  | 한국과학기술정보연구원",False,https://www.kisti.re.kr/resources/images/content/qna_bn_2.png,4d10918f1777213e.png,KOSEN,국가슈퍼컴퓨팅연구소 KREONET ScienceON NTIS ASTi 과학기술정보협의회 KOSEN MIRIAN,True,KOSEN,QnA > KISTI에 관해 궁금하신 사항 을 문의 게시판에 남겨주세요. > 주요서비스 홈페이지 및 링크안내,적절
rb182f126d1,https://www.djjunggu.go.kr/hyo/index.do,효월드,False,https://www.djjunggu.go.kr/thumbnail/popupDetail/920_PHO_202511210230015830.jpg,b182f126d1b1dbba.jpg,"족보박물관 문체부 평가 4회 연속 인증기관 선정
박물관 및 미술관 진흥법 제26조에 따라 문화체육관광부가 3년 주기로 실시하는 공립 박물관 평가 인증제에 한국족보박물관이 4회 연속 인증기관 선정
법 시행후 실시된 4회의 평가 모두 인증기관 선정
 - 최초인증 / 2017년 공립박물관 평가인증
- 재 인 증 / 2019년 공립박물관 평가인증
- 3회 인증 / 2022년 공립박물관 평가인증
- 4회 인증 / 2025년 공립박물관 평가인증",01 / 04 알림 슬라이드 이전 알림 슬라이드 재생 알림 슬라이드 정지 알림 슬라이드 다음,True,#,,적절
r1d3b9f3151,https://www.korea.kr/news/policyNewsView.do?newsId=148970519&pWise=main&pWiseMain=A1,거제·통영 특별재난지역 선포…공공요금 감면 등 추가 지원 - 정책뉴스 | 뉴스 | 대한민국 정책브리핑,True,https://www.korea.kr/newsWeb/resources/attaches/2022.12/13/6a0c80beb4e5719c342b1ec54495aa3b.jpg,1d3b9f31517547fe.jpg,NAVER에서도 정책브리핑 뉴스를 만나보세요! 뉴스스탠드 구독,사실은 이렇습니다 국가보훈부 김덕린 선생 행적 관련 2026.08.25,True,https://newsstand.naver.com/690,거제·통영 특별재난지역 선포…공공요금 감면 등 추가 지원 > 하단 배너 영역 > 정책포커스,적절
r37cd22f295,https://www.nl.go.kr/NL/contents/search.do?detailSearch=true&gu2=kdc&guCode2=03&infoTxt=%EC%A3%BC%EC%A0%9C%EC%96%B4%7C%EB%B0%B1%EA%B3%BC%EC%82%AC%EC%A0%84&sort=iregdate&desc=desc&pageSize=30,국립중앙도서관>통합검색>소장자료 검색결과,False,http://cover.nl.go.kr/kolis_on/2010/CNTS-00047828473_thumbnail.jpg,37cd22f2951ed257.jpg,표지이미지,12. 도서 책제목 : 비즈니스 엘리트를 위한 375 : 現代의 知識.情報 事典 李揆行 編著 샘터사 1983 청구기호 : 039-132 자료이용 : 디지털도서관 디지털자료실 목차,False,,국립중앙도서관 > 검색어 자동완성 목록,무의미형
rec4b57f713,https://www.nl.go.kr/isni/,ISNI-KOREA,False,https://www.nl.go.kr/isni/minify/images/mainbanner11.png,ec4b57f713d87809.png,한국음반산업협회,,True,http://www.riak.or.kr/index.php?tpf=main/index,ISNI KOREA 게시판 > FAQ,적절
r7de5c7c05a,https://www.kisti.re.kr/intro/duty/pageView/16,"임무/기능      
							
							
							| 
							KISTI 소개  | 한국과학기술정보연구원",False,https://www.kisti.re.kr/resources/images/content/logo_04.png,7de5c7c05afbbc19.png,슈퍼컴퓨터,ScienceON DataON NTIS 과학향기 슈퍼컴퓨터 첨단연구망 MIRIAN 데이터플랫폼 ASTI,False,,임무/기능 > 주요서비스,적절
r5c5413868f,https://www.djjunggu.go.kr/kr/index.do,대전광역시 중구청,True,https://www.djjunggu.go.kr/thumbnail/popupzoneDetail/PHO_202608250934554220.png,5c5413868ff010d2.png,무연고사망자 추모,현재 총 19개 의 알림판 소식이 있습니다.,True,#none,,불충분형
rf57248d9ac,https://www.korea.kr/etc/banner.do,배너달기 | 구독&참여 | 대한민국 정책브리핑,False,https://www.korea.kr/images/sub/banner4.jpg,f57248d9ac851831.jpg,대한민국 정책브리핑 로고 가운데 정렬 배경 주황 패턴,"사이트 이동경로 홈으로 구독&참여 배너달기 배너달기 JPG 다운로드 AI 다운로드 이용 규정안내 1. 제공된 사이즈 외 제작이 필요하신 경우 Ai 파일을 다운로드 하셔서 규정에 맞게 제작하시면 됩니다. 2. 확대 또는 축소하여 사용할 경우 반드시 형태, 자간, 글자 크기 등을 비례에 맞게 사용해야 합니다. 3. 최소 사이즈 규정 : 너비 기준 48px 미만으로 사용금지 4. 바탕 배경색 규정 : 흰색(#ffffff) 및 지정된 패턴 배경을 원칙으로 합니다.",False,,배너달기,적절
r92a0ff2128,https://www.nl.go.kr/NL/contents/search.do?detailSearch=true&gu2=kdc&guCode2=030&infoTxt=%EC%A3%BC%EC%A0%9C%EC%96%B4%7C%EB%B0%B1%EA%B3%BC%EC%82%AC%EC%A0%84&sort=iregdate&desc=desc&pageSize=30,국립중앙도서관>통합검색>소장자료 검색결과,False,http://cover.nl.go.kr/kolis_on/2018/CNTS-00106314892_thumbnail.jpg,92a0ff21280c6023.jpg,표지이미지,5. 도서 책제목 : 미스테리 매니아를 위하여 : 세계 유명 추리퀴즈 콜렉션 정태원 엮음 범조사 1993 청구기호 : 030-정489ㅁ 자료이용 : 디지털도서관 디지털자료실 목차,False,,국립중앙도서관 > 검색어 자동완성 목록,무의미형
rfeede8d21a,https://www.nl.go.kr/NL/contents/search.do?detailSearch=true&gu2=kdc&guCode2=013&infoTxt=%EC%A3%BC%EC%A0%9C%EC%96%B4%7C%EC%B6%9C%ED%8C%90+%EB%B0%8F++%ED%8C%90%EB%A7%A4&sort=iregdate&desc=desc&pageSize=30,국립중앙도서관>통합검색>소장자료 검색결과,False,http://cover.nl.go.kr/kolis_on/2020/CNTS-00118402514_thumbnail.jpg,feede8d21a96e3cd.jpg,표지이미지,"12. 도서 책제목 : 출판과 법 박귀련,강은주 지음 한국지적재산권법제연구원 2010 청구기호 : 013-10-5 자료이용 : 서고자료대출반납(4층)",False,,국립중앙도서관 > 검색어 자동완성 목록,무의미형
r89ad36b005,https://www.nl.go.kr/NL/contents/search.do?detailSearch=true&gu2=kdc&guCode2=017&infoTxt=%EC%A3%BC%EC%A0%9C%EC%96%B4%7C%ED%8A%B9%EC%88%98%EC%84%9C%EC%A7%80+%EB%B0%8F+%EB%AA%A9%EB%A1%9D&sort=iregdate&desc=desc&pageSize=30,국립중앙도서관>통합검색>소장자료 검색결과,False,http://cover.nl.go.kr/kolis_on/2002/CNTS-00047914663_thumbnail.jpg,89ad36b005339e5f.jpg,표지이미지,17. 도서 책제목 : 奎章閣韓國本圖書解題. 제4집. 史部1 [서울대학교규장각 편]. 서울大學校奎章閣 1993 청구기호 : 017.1-서794ㄱ-4 자료이용 : 디지털도서관 디지털자료실 목차,False,,국립중앙도서관 > 검색어 자동완성 목록,무의미형
recd93ce8ad,https://www.mohw.go.kr/menu.es?mid=a10211000000,"국민연금재심사위원회 < 민원 : 힘이 되는 평생 친구, 보건복지부",True,https://www.mohw.go.kr/kor/img/minwon/mw_0118_01.gif,ecd93ce8adab7170.gif,국민연금 권리구제 제도,"설치근거 국민연금재심사위원회는 국민연금과 관련한 국민연금공단 또는 건강보험공단의 심사청구 결정에 불복하는 재심사청구사건을 심리·의결하기 위하여 보건복지부에 설치한 특별행정심판 위원회입니다. 국민연금법 제110조~제112조, 시행령 제103조~제109조, 시행규칙 제49조 국민연금 재심사청구는 공단으로부터 위법·부당한 처분을 받은 국민(가입자 등)이 권리나 이익의 침해를 구제받고자 할 때 소송절차에 비해 신속·편리하게 이용할 수 있는 법률상의 권리구제 제도입니다. 국민연금 권리구제 제도 처분 국민연금공단 건강보험공단 심사청구 국민연금심사위원회(국민연금공단) 징수심사위원회(건강보험공단) 재심사청구 국민연금재심사위원회(보건복지부) 소송 법원 국민연금 권리구제 제도 안내-연번, 제도, 청구기간, 결정기간 등으로 구성된 표 연번 제도 청구기간 결정기간 1 심사청구 공단의 처분이 있음을 안 날부터 90일 이내 청구하여야 합니다. 처분이 있은 날부터 180일을 경과하면 제기하지 못합니다. 다만,",False,,국민연금재심사위원회,불충분형
r6e98dda6c0,https://www.djjunggu.go.kr/hyo/index.do,효월드,False,https://www.djjunggu.go.kr/thumbnail/popupDetail/920_PHO_202606300457331650.jpg,6e98dda6c06f5420.jpg,"어린이박물관 상설체험
가방에 담아가는 뿌리공원 운영
기        간  26. 7. 7. ~ 8. 28. / 화~금 운영
운영시간  오전 10:00~12:00, 오후 13:00~17:00
                  ※ 점심시간(12:00~13:00) 미운영
참가대상  어린이 및 방문객 / 자율참여, 상설체험
주요내용  성씨조형물 가방 만들기
참  가  비  무료
문  의  처  한국족보박물관 042-288-8316",01 / 04 알림 슬라이드 이전 알림 슬라이드 재생 알림 슬라이드 정지 알림 슬라이드 다음,True,#,,적절
ra3c7df31cd,https://www.djjunggu.go.kr/,대전광역시 중구청,True,https://www.djjunggu.go.kr/images/kr/main/flag.jpg,a3c7df31cdd7443f.jpg,태극기 이미지,이 누리집은 대한민국 공식 전자정부 누리집입니다.,False,,,적절
r5cb158a342,https://www.dong.daegu.kr/health/main.do,보건소에 오신 것을 환영합니다.,False,https://www.dong.daegu.kr/common/file/img/view.do?atchFileId=E4B35EC6ABF85008A44E4BEE00CA5EEEAD969A77BE6EF5348FE7310C8F4D499D&fileSn=78F6C76797E0512124C392213D7DC6FF&width=&height=,5cb158a342aa7b5c.do,지역사회 신체활동사업 대국민 만족도 조사 개인정보 제공 관련 안내문 자세히보기,01 0 시작 정지 즐겨찾는 서비스 온라인 제증명발급 방역소독신청 식중독 신고 우리동네 약국 진료안내 심폐소생술 교육,True,https://www.dong.daegu.kr/file/viewer.do?atchFileId=E4B35EC6ABF85008A44E4BEE00CA5EEEF50D62F67C1ECBC5E3302C2FCAED22E7&fil,보건소 > 열린보건,적절
r8f04b8f055,https://www.nl.go.kr/EN/main/index.do,National Library of Korea,False,https://www.nl.go.kr/resource/templete/en/common/img/common/open.jpg,8f04b8f055b0bd1e.jpg,open 공공누리|공공저작물 자유이용허락,Privacy Policy © National Library of Korea. All rights reserved.,True,http://www.kogl.or.kr/,National Library of Korea > Opening Hours,적절
r3aa293d72e,https://www.nl.go.kr/NL/contents/search.do?detailSearch=true&gu2=kdc&guCode2=029&infoTxt=%EC%A3%BC%EC%A0%9C%EC%96%B4%7C%EB%8F%85%EC%84%9C+%EB%B0%8F+%EC%A0%95%EB%B3%B4%EB%A7%A4%EC%B2%B4%EC%9D%98+%EC%9D%B4%EC%9A%A9&sort=iregdate&desc=desc&pageSize=30,국립중앙도서관>통합검색>소장자료 검색결과,False,http://cover.nl.go.kr/kolis_on/2018/CNTS-00106314931_thumbnail.jpg,3aa293d72eacbc22.jpg,표지이미지,30. 도서 책제목 : 글쓰기 어떻게 지도 할 것인가 엄기원 지음 웅지교육 1993 청구기호 : 029.8-엄171ㄱ 자료이용 : 디지털도서관 디지털자료실 목차,False,,국립중앙도서관 > 검색어 자동완성 목록,무의미형
r33089c82e5,https://www.dong.daegu.kr/health/main.do,보건소에 오신 것을 환영합니다.,False,https://www.dong.daegu.kr/common/file/img/view.do?atchFileId=900B6FDD564DF303C2359A44BB3378B49C6D6876FC068E56F90B648AC70EDB69&fileSn=78F6C76797E0512124C392213D7DC6FF&width=&height=,33089c82e540befb.do,인플루엔자(독감) 알쓸도감,01 0 시작 정지 즐겨찾는 서비스 온라인 제증명발급 방역소독신청 식중독 신고 우리동네 약국 진료안내 심폐소생술 교육,False,,보건소 > 열린보건,불충분형
r78888f0d80,https://www.djjunggu.go.kr/,대전광역시 중구청,True,https://www.djjunggu.go.kr/thumbnail/popupzoneDetail/PHO_202604160454556131.jpg,78888f0d800f13dc.jpg,"그냥드림 사업 안내
추진기간 : ‘26.1.~’26.12.
지원대상 : 생계가 어려운 구민 누구나  * 소득심사, 사전신청 없음
추진내용 : 
- 긴급한 생계위기에 놓인 구민에게 먹거리 꾸러미(2만원 상당) 지원 / 일 30개한(월185개)
- 물품 제공시 복지상담 및 복지서비스 연계로 위기가구 발굴
이용방법 : 신분증 지참 후 푸드마켓 매장 방문 수령 
운영기관 : 푸드마켓 5호점 / 대전 중구 대사동
생계가 어려워 긴급하게 지원이 필요한 분들을 위해 양보해주세요",현재 총 58개 의 중구 소식이 있습니다.,True,https://www.bokjiro.go.kr/ssis-tbu/twatdc/wlfareCrisNtce/dclrGdlnPage.do,,적절
r7d7db06ce9,https://www.andong.go.kr/main.do,안동시청,False,https://www.andong.go.kr/portal/img/main/img-mayorname_new.png,7d7db06ce9ac65a2.png,권기창입니다.,시민과 소통하는 열린시장 열린시장실 시장과의 대화 공약(매니페스토),False,,,적절
r6178117989,https://www.djjunggu.go.kr/health/index.do,대전 중구 보건소,False,https://www.djjunggu.go.kr/thumbnail/popupDetail/920_PHO_202603160119091240.jpg,6178117989a39a08.jpg,"국가암검진 관리사업
기기간간   연중                     대대상상  (구분 - 검진주기 - 연령기준)
위암              - 2년      -  40세 이상 남, 여 간암              - 6개월  -  40세 이상 남, 여 중 간암 발생 고위험군
대장암          - 1년      -  50세 이상 남, 여 유방암          - 2년      -  40세 이상 여성
자궁경부암  - 2년      -  20세 이상 여성
폐암              - 2년      -  54세 ~ 74세 이상 남, 여 중 폐암 발생 고위험군
내내용용  우리나라 국민 사망 원인 1위인 암을 조기에 바련하여 치료를
                  유도함으로서 암으로 인한 사망을 줄이기 위한 검진 참여 독려
검진방법  건강검진 지정 의료기관에 전화 예약 후 방문 검진
검진기관 찾기",01 / 04 알림 슬라이드 이전 알림 슬라이드 재생 알림 슬라이드 정지 알림 슬라이드 다음,True,https://www.nhis.or.kr/nhis/healthin/retrieveExmdAdminSearch.do,,적절
r1ec5450bc5,http://www.andong.go.kr/agritec/main.do,안동시 농업기술센터,False,http://www.andong.go.kr/agritec/img/main/pop_240112_02.png,1ec5450bc5efdd24.png,"2024년 신규농업인(귀농인) 영농정착 기술교육 교육생 모집
		모집인원 : 40명 이내
		교육기간 : 2024. 3. 6(수). ~ 6. 19.(수) 월별 매주 수요일 [총 15회, 86시간]
		모집개요
		  * 접수기간 : 2024. 1. 8.(월) 〜 1. 26.(금)
		  ※ 공휴일은 접수하지 않음
		  * 접수처 : 농업기술센터 농촌지원과 전문인력팀(840-5620~2)
		  * 접수방법 : 본인 직접 방문접수 (접수와 동시에 면접 실시)
		문의 사항은 농촌지원과 전문인력팀 문의 (054-840-5620 ~ 5622)","오늘 하루 보지 않기 닫기 오늘 하루 열지않기 팝업닫기 오늘 하루 열지않기 팝업닫기 오늘 하루 열지않기 팝업닫기 오늘 하루 열지않기 팝업닫기 한국정신문화의 수도, 마음까지 이어주는 녹색세상 이전보기 일시정지 재생 다음보기 메인 비주얼 컨트롤로 돌아가기 농기계임대 오시는길 조직도 교육신청 질의·응답 - 25.0 ℃ 10월 11일 12시 기준 기온 - 기상 - 풍향 - 풍속 - 낙뢰 - 습도 - 강수형태 - 강수량 - 안동시 현재 농업기상정보 → 공지사항 더보기 2026년 안동시농업기술센터 기간제근로자(농작업 안전관리) 채용 공고 「2026년 농작업 안전재해예방 지원체계 구축사업」을 시행하는 안동시농업기술센터에서 근무할 기간제근로자(농작업 안전관리)를 모집하고자 다음과 같이 공고합니다. 

1. 채용분야: 기간제근로자(농작업 안전관리)
2. 채용인원: 1명
3. 근무내용: 농작업 안전컨설팅 추진(세부사항은 첨부문서 참조)
4. 근무기간: 2026. 09. ~  2026. 11.",True,https://www.andong.go.kr/agritec/bbs/view.do?bIdx=750881&ptIdx=156&cancelUrl=/agritec/bbs/list.do?ptIdx=156&mId=06010000,,적절
r28310e5cc6,https://www.andong.go.kr/portal/saeol/gosi/list.do?mId=0401020100,"전체 목록

		
		
		
			
				| 고시/공고
				
			
		
			
				| 안동 소식
				
			
		
			
				| 시정 소식
				
			
		
			
		
			
		
		| 안동시 홈페이지",False,https://www.andong.go.kr/common/img/common/btn_pg_next.gif,28310e5cc65c488e.gif,다음으로 이동,1 2 3 4 5 6 7 8 9 10,True,#,시정 소식 > 전체,적절
r2426950fc4,https://www.mohw.go.kr/,"힘이 되는 평생 친구, 보건복지부",True,https://www.mohw.go.kr/upload/popupzone/a1/20260722145715119.png,2426950fc41b9a93.png,"우리 마을에 안심돌봄가까운 거리 안전한 돌봄초등방학 틈새돌봄 안내여름방학, 겨울방학, 모두 이용가능이용대상 : 초등학생 누구나 :방학중 부모님 출근 등 돌봄 공백이 있는 상황이용시간 : 온종일 틈새돌봄 : 09:00~18:00점심？롬 11:00~20:00점심 또는 저녁 간식제공이용요금 1이주일 1만원 이내 기초생활수급자 차상위계층 등 취약계층 무료이용문의 가까운 틈새돌봄센터 및 점심돌봄센터 또는 국번없이 1522-1318문의모바일 환경에서는 우리동네 돌봄센터 찾기 서비스 이용이 일부 원할하지 않을 수 있으며, 보다 편리하게 이용하실 수 있도록 지속적으로 개선해 나가겠습니다.",이전 슬라이스로 이동하기 정지 시작 다음 슬라이스로 이동하기 팝업존 더보기,True,https://ncrc.or.kr/ncrc/cs/cnter/protactCnterList3.do?mi=1588,법령 > 팝업존,적절
r785cc58ea3,https://www.nl.go.kr/NL/contents/search.do?detailSearch=true&gu2=kdc&guCode2=014&infoTxt=%EC%A3%BC%EC%A0%9C%EC%96%B4%7C%EA%B0%9C%EC%9D%B8%EC%84%9C%EC%A7%80+%EB%B0%8F+%EB%AA%A9%EB%A1%9D&sort=iregdate&desc=desc&pageSize=30,국립중앙도서관>통합검색>소장자료 검색결과,False,http://cover.nl.go.kr/kolis_on/2018/CNTS-00093224696_thumbnail.jpg,785cc58ea3fff7cd.jpg,표지이미지,14. 도서 책제목 : (東國大學校)敎授論著目錄 東國大學校中央圖書館 編著 東國大學校中央圖書館 1987 청구기호 : 014.9-동814ㄱ-1987 자료이용 : 디지털도서관 디지털자료실 목차,False,,국립중앙도서관 > 검색어 자동완성 목록,무의미형
rad58782512,http://www.andong.go.kr/jp/main.do,気品漂う都市、豊かな都市 - 市民が幸せな安東,False,http://www.andong.go.kr/foreign/img/main/jp/sample_korean_spirit.jpg,ad58782512226e0d.jpg,韓国の精神文化の都市、安東,安東の御祭り情報 マルチメディアで分かる安東！,True,/foreign/jsp/jp/promotional_video.html,マルチメディアで分かる安東！,적절
r3477605d15,https://www.nl.go.kr/NL/contents/search.do?detailSearch=true&gu2=kdc&guCode2=03&infoTxt=%EC%A3%BC%EC%A0%9C%EC%96%B4%7C%EB%B0%B1%EA%B3%BC%EC%82%AC%EC%A0%84&sort=iregdate&desc=desc&pageSize=30,국립중앙도서관>통합검색>소장자료 검색결과,False,http://cover.nl.go.kr/kolis_on/2020/CNTS-00118196323_thumbnail.jpg,3477605d15b964c0.jpg,표지이미지,16. 도서 책제목 : (最新版)嚴選一般常識 : 용어해설과 출제예상문제직결 東寶出版社編輯部 編著 東寶出版社 1987 청구기호 : 031-동854ㅇ 자료이용 : 디지털도서관 디지털자료실 목차,False,,국립중앙도서관 > 검색어 자동완성 목록,무의미형
r419c97ecc2,https://www.kisti.re.kr/intro/duty/pageView/16,"임무/기능      
							
							
							| 
							KISTI 소개  | 한국과학기술정보연구원",False,https://www.kisti.re.kr/resources/images/content/logo_07.png,419c97ecc2035528.png,InSciTe,ScienceON DataON NTIS 과학향기 슈퍼컴퓨터 첨단연구망 MIRIAN 데이터플랫폼 ASTI,False,,임무/기능 > 주요서비스,적절
r879abdd3f0,https://www.andong.go.kr/fm/main.do,안동시립박물관,False,https://www.andong.go.kr/fm/images/main/banner01.png,879abdd3f0d0b698.png,국립중앙박물관,이전 다음 정지,True,https://www.museum.go.kr,,적절
rc218978fb8,https://www.andong.go.kr/main.do,안동시청,False,https://www.andong.go.kr/common/img/etc/point_blank.gif,c218978fb8f2c443.gif,새창으로열림,전자민원창구 110정부민원안내 콜센터 정부24,True,전자민원창구,,적절
r7da068a5e0,https://www.nl.go.kr/NL/contents/search.do?detailSearch=true&gu2=kdc&guCode2=00&infoTxt=%EC%A3%BC%EC%A0%9C%EC%96%B4%7C%EC%B4%9D%EB%A5%98&sort=iregdate&desc=desc&pageSize=30,국립중앙도서관>통합검색>소장자료 검색결과,False,http://cover.nl.go.kr/kolis_on/2017/CNTS-00092935188_thumbnail.jpg,7da068a5e0c27a46.jpg,표지이미지,17. 도서 책제목 : 中世 獨逸詩 許昌雲 譯 探求堂 1980 청구기호 : 041-91-171 자료이용 : 디지털도서관 디지털자료실 목차,False,,국립중앙도서관 > 검색어 자동완성 목록,무의미형
rfa29c4f6f5,https://www.dong.daegu.kr/map/main.do,생활지도에 오신 것을 환영합니다.,False,https://www.dong.daegu.kr/map/img/common/logo_top.png,fa29c4f6f59a7253.png,생활지도 서비스,메뉴 동구청 홈페이지 검색 공공기관 교육 보건 문화관광 체육시설 복지 민방위 닫기 닫기 검색 선택 신암1동 신암2동 신암3동 신암4동 신천3동 신천4동 효목1동 효목2동 방촌동 안심1동 안심2동 신암5동 신천1.2동 도평동 불로봉무동 지저동 동촌동 해안동 공산동 안심3동 안심4동 혁신동 선택 공공기관 교육 보건 문화관광 체육시설 복지 민방위 닫기,False,,,적절
rb164b36706,https://www.kisti.re.kr/mspt/spt/pageView/29?t=1638863297451,"QnA      
							
							
							| 
							고객지원  | 한국과학기술정보연구원",False,https://www.kisti.re.kr/resources/images/content/qna_bn_4.png,b164b36706e64b83.png,NTIS R&D의 모든 것! 국가과학기술지식정보서비스,국가슈퍼컴퓨팅연구소 KREONET ScienceON NTIS ASTi 과학기술정보협의회 KOSEN MIRIAN,True,NTIS,QnA > KISTI에 관해 궁금하신 사항 을 문의 게시판에 남겨주세요. > 주요서비스 홈페이지 및 링크안내,적절
r53b8e1b21c,https://www.dong.daegu.kr/,대구광역시 동구청 홈페이지에 오신 것을 환영합니다.,True,https://www.dong.daegu.kr/common/file/img/view.do?atchFileId=46064F37A856401E8954F7196FECE63388CCDA0AA1BDBA36FDABF5481AD753C6&fileSn=78F6C76797E0512124C392213D7DC6FF&width=&height=,53b8e1b21cd44c50.do,2026년 농식품 바우처 사업 12월 22일(월) 부터 신청하세요! 취약계층의 식품 접근성 강화 및 지속가능한 농식품 소비체계 구축을 통한 국민 먹거리 안정망 확충을 위해 국산 신선 농산물을 구매할 수 있는 농식품 바우처를 지원합니다. 사업신청:2025.12.22.(월) ~ 2026.12.11.(금) 지원기간:2026년 1.2.(금) ~ 12.31.(목) 자세히보기,카드 뉴스 1 7 이전 정지 시작 다음,True,https://www.dong.daegu.kr/file/viewer.do?atchFileId=46064F37A856401E8954F7196FECE6333A7DBE2AADF83AA61D2E2C7C12577C7D&fil,동구미래 제대로 다르게 > 카드 뉴스,적절
r410b11c1f2,https://www.dong.daegu.kr/portal/contents.do?mid=0706011100,"2025.8.29 ~ 현재 

	
	
		
			| 개인정보처리방침
			
		
	
		
			| 개인정보처리방침
			
		
	
		
			| 이용안내
			
		
	
		
	
		
	
	| 대구광역시 동구청 홈페이지",True,https://www.dong.daegu.kr/portal/img/common/2j.png,410b11c1f2f9266a.png,개인정보처리 아이콘 이미지,제8조 (개인정보의 안전성 확보조치),True,제8조 (개인정보의 안전성 확보조치),동구미래 제대로 다르게 > 2025.8.29 ~ 현재 > 목차,장식오용형
r25198da01a,https://www.andong.go.kr/portal/contents.do?mId=0100000000,"민원실 이용안내

		
		
		
			
				| 민원실 안내
				
			
		
			
				| 민원안내
				
			
		
			
		
			
		
			
		
		| 안동시 홈페이지",False,https://www.andong.go.kr/andong/img/ko/sub01/office_minwon01_new.png,25198da01a56c796.png,민원실 배치도 안내입니다. 내용은 다음으로 대체합니다.,"이미지 크게보기 민원실 배치도 민원실 안내 전화번호 안내시 참고(행=행정전봐번호, 일=일반전화번호(054-840-행정전화번호) 민원실 배치도 안내 : 민원실 정면입구 출입문으로 들어섰을때 출입문 바로 왼편으로 민원안내(행 6861), 자원봉사 왼편으로 무인민원발급기 2대 나란히 위치, 출입문 왼편 무인민원발급기 앞쪽으로 필경, 오른편에 필경, 필경, 민원실 정면입구 출입문 제일 오른편에 민원만족팀(행6141) 민원창구 안내 민원실 정면입구 출입문으로 들어섰을때 출입문 바로 앞쪽으로 통합제증명발급이 위치해 있으며 민원창구는 오른편부터 반시계 방향으로 1번창구 : 여권교부, 2번창구 : 여권접수, 3번창구 : 일반민원접수(여기서부터 출입문 정면앞을 향해 있음), 4번창구 : 팩스민원접수, 5번창구 : 가족등록접수, 6번창구 : 민원 배려 창구, 7번창구 : 취업정보, 8번창구 : 부동산실거래신고, 9번창구 : 건설기계등록, 10번창구 : 지적측량접수 민원실 업무담당자별 위치 안내 민원실",False,,민원안내 > 민원실 이용안내,적절
rab08bc2848,https://www.djjunggu.go.kr/tmpl/skin/common/toputilPagelist.jsp,,False,https://www.djjunggu.go.kr/thumbnail/shortCutDetail/300_SCD_202206290559547171.png,ab08bc28484fecac.png,사회복지과,기획공보실 기획공보실 감사실 감사실 총무과 총무과 문화체육과 문화체육과 회계정보과 회계정보과 세무과 세무과 민원봉사과 민원봉사과 지적과 지적과 복지정책과 복지정책과 사회복지과 사회복지과 여성가족과 여성가족과 경제기업과 경제기업과 환경과 환경과 위생과 위생과 도시과 도시과 안전총괄과 안전총괄과 건설과 건설과 건축과 건축과 공원녹지과 공원녹지과 교통과 교통과 도시활성화과 도시활성화과,True,사회복지과 사회복지과,,무관형
rfbec6047e6,https://www.djjunggu.go.kr/,대전광역시 중구청,True,https://www.djjunggu.go.kr/images/kr/main/tour6.jpg,fbec6047e65c8613.jpg,유회당종가 이미지,추천 관광지 뿌리공원 자세히보기 추천 관광지 O!World 자세히보기 추천 관광지 보문산 자세히보기 추천 관광지 효문화마을관리원 자세히보기 추천 관광지 봉소루 자세히보기 추천 관광지 유회당 자세히보기 추천 관광지 단재신채호선생생가 자세히보기 추천 관광지 여경암 자세히보기 추천 관광지 창계숭절사 자세히보기 추천 관광지 거업재 자세히보기,False,,메인 본문 시작,적절
r493132cd84,https://www.nl.go.kr/NL/contents/search.do?detailSearch=true&gu2=kdc&guCode2=00&infoTxt=%EC%A3%BC%EC%A0%9C%EC%96%B4%7C%EC%B4%9D%EB%A5%98&sort=iregdate&desc=desc&pageSize=30,국립중앙도서관>통합검색>소장자료 검색결과,False,http://cover.nl.go.kr/kolis_on/2018/CNTS-00106596710_thumbnail.jpg,493132cd8460aff3.jpg,표지이미지,13. 도서 책제목 : 濟州島神話 玄容駿 著 瑞文堂 1976 청구기호 : 041-116-219 자료이용 : 디지털도서관 디지털자료실 목차,False,,국립중앙도서관 > 검색어 자동완성 목록,무의미형
r8b82df3032,https://www.nl.go.kr/kolisnet/index.do,국가자료종합목록,False,https://www.nl.go.kr/kolisnet/include/image/main/btn_main_next.png,8b82df3032680413.png,다음 슬라이드,메인 슬로건 슬라이드 이전 공지 다음 공지 공지 2026년 6월 KOLIS-NET 신규 참여기관 안내 2026년 5월 KOLIS-NET 신규 참여기관 안내 2026년 4월 KOLIS-NET 신규 참여기관 안내 2026년 3월 KOLIS-NET 신규 참여기관 안내 2026년 2월 KOLIS-NET 신규 참여기관 안내 + 더보기,True,javascript:void(0),분류기호 검색 > 메인 슬로건 슬라이드 > 첨자기호,적절
ra920da06d4,https://www.nl.go.kr/NL/contents/search.do?detailSearch=true&gu2=kdc&guCode2=012&infoTxt=%EC%A3%BC%EC%A0%9C%EC%96%B4%7C%EC%82%AC%EB%B3%B8%2C%ED%8C%90%EB%B3%B8%2C%EC%A0%9C%EB%B3%B8&sort=iregdate&desc=desc&pageSize=30,국립중앙도서관>통합검색>소장자료 검색결과,False,http://cover.nl.go.kr/kolis_on/2002/CNTS-00047911720_thumbnail.jpg,a920da06d4e61e97.jpg,표지이미지,13. 도서 책제목 : 한 出版人의 肖像 尹炯斗先生 華甲紀念文集刊行委員會 編 범우사 1995 청구기호 : 012.904-윤885ㅇ 자료이용 : 디지털도서관 디지털자료실 목차,False,,국립중앙도서관 > 검색어 자동완성 목록,무의미형
rb83f24d740,https://www.nl.go.kr/NL/contents/search.do?detailSearch=true&gu2=kdc&guCode2=00&infoTxt=%EC%A3%BC%EC%A0%9C%EC%96%B4%7C%EC%B4%9D%EB%A5%98&sort=iregdate&desc=desc&pageSize=30,국립중앙도서관>통합검색>소장자료 검색결과,False,http://cover.nl.go.kr/kolis_on/2017/CNTS-00093061705_thumbnail.jpg,b83f24d7404f8e60.jpg,표지이미지,19. 도서 책제목 : 韓國의 怪奇譚 朴容九 著 瑞文堂 1975 청구기호 : 041-116-161 자료이용 : 디지털도서관 디지털자료실 목차,False,,국립중앙도서관 > 검색어 자동완성 목록,무의미형
